,Raft,Nutrients,Mixing,Spores,Trt,Bag,Day,NDay,UA,UJ,UM,MA,MJ,MM,Chaob,EdChl,TP,TN,InfDensity,UninfDensity,TotalDensity,PrevTotal,InfCount,UninfCount,TotalCount,LogTotDens,LogUninfDens,LogInfDens,LogEdChl,LogTP,LogTN
1,1,Low,Mix,Spores,Low Mix Spores,1,1,1,26,45,0,0,0,0,0,3.9,10.72754465,546.61,75.33961803,5349.11288,5349.11288,0,0,71,71,8.584686009,8.584686009,4.322006132,1.360976553,2.3728147,6.303735568
2,1,High,Mix,No,High Mix No,2,1,1,19,62,0,0,0,0,0,3.83,12.388314,483.985,75.33961803,6102.509061,6102.509061,0,0,81,81,8.716455287,8.716455287,4.322006132,1.342864803,2.516753609,6.182053915
4,1,High,No,No,High No No,4,1,1,44,63,0,0,0,0,0,2.68,8.218722878,421.36,75.33961803,8061.339129,8061.339129,0,0,107,107,8.994834967,8.994834967,4.322006132,0.985816795,2.106414829,6.043487575
5,1,Low,Mix,No,Low Mix No,5,1,1,35,43,0,0,0,0,0,2.79,9.985498776,421.36,75.33961803,5876.490206,5876.490206,0,0,78,78,8.678714959,8.678714959,4.322006132,1.026041596,2.301133918,6.043487575
6,1,High,Mix,Spores,High Mix Spores,6,1,1,48,75,0,0,0,0,0,2.72,7.582683554,358.735,75.33961803,9266.773018,9266.773018,0,0,123,123,9.134190488,9.134190488,4.322006132,1.00063188,2.025867168,5.882583954
7,1,Low,No,No,Low No No,7,1,1,38,68,0,0,0,0,0,2.93,8.943100996,421.36,75.33961803,7985.999511,7985.999511,0,0,106,106,8.985445226,8.985445226,4.322006132,1.075002423,2.190882397,6.043487575
8,1,High,No,Spores,High No Spores,8,1,1,24,81,0,0,0,0,0,2.56,10.51553155,406.146,75.33961803,7910.659893,7910.659893,0,0,105,105,8.975966482,8.975966482,4.322006132,0.940007258,2.352853359,6.006712701
10,2,Low,No,Spores,Low No Spores,10,1,1,35,62,0,0,0,0,0,3.23,6.999647508,421.36,75.33961803,7307.942949,7307.942949,0,0,97,97,8.896717111,8.896717111,4.322006132,1.172482137,1.945859792,6.043487575
11,2,High,Mix,Spores,High Mix Spores,11,1,1,41,67,0,0,0,0,1,3.2,8.483739262,421.36,75.33961803,8136.678747,8136.678747,0,0,108,108,9.004137359,9.004137359,4.322006132,1.16315081,2.138151303,6.043487575
12,2,Low,Mix,No,Low Mix No,12,1,1,23,78,1,0,0,0,2,2.95,6.575621292,421.36,75.33961803,7684.641039,7684.641039,0,0,102,102,8.946978946,8.946978946,4.322006132,1.08180517,1.883369067,6.043487575
13,2,High,No,Spores,High No Spores,13,1,1,21,52,0,0,0,0,0,2.77,7.971374252,421.36,75.33961803,5499.792116,5499.792116,0,0,73,73,8.612465573,8.612465573,4.322006132,1.01884732,2.075856906,6.043487575
15,2,High,Mix,No,High Mix No,15,1,1,44,57,0,0,0,0,1,2.37,7.998074135,358.735,75.33961803,7609.301421,7609.301421,0,0,101,101,8.937126649,8.937126649,4.322006132,0.862889955,2.07920078,5.882583954
16,2,Low,Mix,Spores,Low Mix Spores,16,1,1,57,71,0,0,0,0,0,3.1,8.456965367,358.735,75.33961803,9643.471108,9643.471108,0,0,128,128,9.174036396,9.174036396,4.322006132,1.131402111,2.134990406,5.882583954
17,3,Low,No,No,Low No No,17,1,1,16,41,0,0,0,0,0,2.54,8.068672786,421.36,75.33961803,4294.358228,4294.358228,0,0,57,57,8.3650574,8.3650574,4.322006132,0.932164081,2.087989006,6.043487575
18,3,High,No,Spores,High No Spores,18,1,1,16,37,0,0,0,0,0,3.34,9.004104913,421.36,75.33961803,3992.999756,3992.999756,0,0,53,53,8.292298046,8.292298046,4.322006132,1.205970807,2.197680575,6.043487575
19,3,Low,Mix,No,Low Mix No,19,1,1,24,41,0,0,0,0,1,2.49,8.086322449,546.61,75.33961803,4897.075172,4897.075172,0,0,65,65,8.496393402,8.496393402,4.322006132,0.91228271,2.090174048,6.303735568
22,3,High,No,No,High No No,22,1,1,12,26,0,0,0,0,0,2.74,7.945125146,432.6763,75.33961803,2862.905485,2862.905485,0,0,38,38,7.959592292,7.959592292,4.322006132,1.00795792,2.072558551,6.069989873
23,3,Low,Mix,Spores,Low Mix Spores,23,1,1,7,30,0,0,0,0,0,2.49,8.47461503,421.36,75.33961803,2787.565867,2787.565867,0,0,37,37,7.932924045,7.932924045,4.322006132,0.91228271,2.137075228,6.043487575
24,3,High,Mix,No,High Mix No,24,1,1,4,11,0,0,0,0,0,2.99,9.780690075,358.735,75.33961803,1130.09427,1130.09427,0,0,15,15,7.030056333,7.030056333,4.322006132,1.095273387,2.280410041,5.882583954
25,4,Low,No,Spores,Low No Spores,25,1,1,10,25,0,0,0,0,0,2.69,7.821577507,421.36,75.33961803,2636.886631,2636.886631,0,0,35,35,7.877354194,7.877354194,4.322006132,0.989541194,2.056886261,6.043487575
26,4,High,No,No,High No No,26,1,1,11,32,0,0,0,0,0,3.53,7.874526495,358.735,75.33961803,3239.603575,3239.603575,0,0,43,43,8.083206248,8.083206248,4.322006132,1.261297871,2.063633055,5.882583954
27,4,Low,Mix,No,Low Mix No,27,1,1,4,25,0,0,0,0,0,3.33,10.38077861,438.63,75.33961803,2184.848923,2184.848923,0,0,29,29,7.689301962,7.689301962,4.322006132,1.202972304,2.339955886,6.083656233
28,4,High,Mix,Spores,High Mix Spores,28,1,1,8,22,0,0,0,0,1,3.25,7.556832566,367.1856,75.33961803,2260.188541,2260.188541,0,0,30,30,7.723203514,7.723203514,4.322006132,1.178654996,2.02245213,5.905867442
29,4,Low,No,No,Low No No,29,1,1,7,27,0,0,0,0,1,3.48,8.951155924,421.36,75.33961803,2561.547013,2561.547013,0,0,34,34,7.848366657,7.848366657,4.322006132,1.247032294,2.191782677,6.043487575
30,4,Low,Mix,Spores,Low Mix Spores,30,1,1,9,24,0,0,0,0,0,6.37,10.96321748,414.8152,75.33961803,2486.207395,2486.207395,0,0,33,33,7.818513694,7.818513694,4.322006132,1.85159947,2.394545804,6.02783312
31,4,High,No,Spores,High No Spores,31,1,1,16,18,0,0,0,0,0,5.37,11.59860534,444.5837,75.33961803,2561.547013,2561.547013,0,0,34,34,7.848366657,7.848366657,4.322006132,1.680827909,2.450884862,6.097138339
32,4,High,Mix,No,High Mix No,32,1,1,6,15,0,0,0,0,0,3.5,7.945125146,483.985,75.33961803,1582.131979,1582.131979,0,0,21,21,7.36652857,7.36652857,4.322006132,1.252762968,2.072558551,6.182053915
33,1,Low,Mix,Spores,Low Mix Spores,1,3,2,126,122,0,0,0,0,0,NA,NA,NA,75.33961803,18684.22527,18684.22527,0,0,248,248,9.835434878,9.835434878,4.322006132,NA,NA,NA
34,1,High,Mix,No,High Mix No,2,3,2,124,222,0,0,0,0,1,NA,NA,NA,75.33961803,26067.50784,26067.50784,0,0,346,346,10.16844491,10.16844491,4.322006132,NA,NA,NA
36,1,High,No,No,High No No,4,3,2,121,154,0,0,0,0,0,NA,NA,NA,75.33961803,20718.39496,20718.39496,0,0,275,275,9.93877723,9.93877723,4.322006132,NA,NA,NA
37,1,Low,Mix,No,Low Mix No,5,3,2,95,86,1,0,0,0,0,NA,NA,NA,75.33961803,13711.81048,13711.81048,0,0,182,182,9.526012819,9.526012819,4.322006132,NA,NA,NA
38,1,High,Mix,Spores,High Mix Spores,6,3,2,105,155,0,0,0,0,0,NA,NA,NA,75.33961803,19588.30069,19588.30069,0,0,260,260,9.882687763,9.882687763,4.322006132,NA,NA,NA
39,1,Low,No,No,Low No No,7,3,2,58,144,0,0,0,0,0,NA,NA,NA,75.33961803,15218.60284,15218.60284,0,0,202,202,9.63027383,9.63027383,4.322006132,NA,NA,NA
40,1,High,No,Spores,High No Spores,8,3,2,29,89,0,0,0,0,0,NA,NA,NA,75.33961803,8890.074928,8890.074928,0,0,118,118,9.092690757,9.092690757,4.322006132,NA,NA,NA
42,2,Low,No,Spores,Low No Spores,10,3,2,30,85,0,0,0,0,0,NA,NA,NA,75.33961803,8664.056074,8664.056074,0,0,115,115,9.066938261,9.066938261,4.322006132,NA,NA,NA
43,2,High,Mix,Spores,High Mix Spores,11,3,2,106,107,0,0,0,0,1,NA,NA,NA,75.33961803,16047.33864,16047.33864,0,0,213,213,9.683298298,9.683298298,4.322006132,NA,NA,NA
44,2,Low,Mix,No,Low Mix No,12,3,2,107,158,0,0,0,0,2,NA,NA,NA,75.33961803,19964.99878,19964.99878,0,0,265,265,9.901735958,9.901735958,4.322006132,NA,NA,NA
45,2,High,No,Spores,High No Spores,13,3,2,61,118,0,0,0,0,1,NA,NA,NA,75.33961803,13485.79163,13485.79163,0,0,179,179,9.509391938,9.509391938,4.322006132,NA,NA,NA
47,2,High,Mix,No,High Mix No,15,3,2,59,96,0,0,0,0,1,NA,NA,NA,75.33961803,11677.64079,11677.64079,0,0,155,155,9.365431249,9.365431249,4.322006132,NA,NA,NA
48,2,Low,Mix,Spores,Low Mix Spores,16,3,2,24,58,0,0,0,0,0,NA,NA,NA,75.33961803,6177.848679,6177.848679,0,0,82,82,8.72872538,8.72872538,4.322006132,NA,NA,NA
49,3,Low,No,No,Low No No,17,3,2,52,97,0,0,0,0,0,NA,NA,NA,75.33961803,11225.60309,11225.60309,0,0,149,149,9.325952438,9.325952438,4.322006132,NA,NA,NA
50,3,High,No,Spores,High No Spores,18,3,2,71,96,0,0,0,0,0,NA,NA,NA,75.33961803,12581.71621,12581.71621,0,0,167,167,9.439999945,9.439999945,4.322006132,NA,NA,NA
51,3,Low,Mix,No,Low Mix No,19,3,2,60,69,0,0,0,0,1,NA,NA,NA,75.33961803,9718.810726,9718.810726,0,0,129,129,9.181818537,9.181818537,4.322006132,NA,NA,NA
54,3,High,No,No,High No No,22,3,2,57,96,0,0,0,0,0,NA,NA,NA,75.33961803,11526.96156,11526.96156,0,0,153,153,9.352444054,9.352444054,4.322006132,NA,NA,NA
55,3,Low,Mix,Spores,Low Mix Spores,23,3,2,54,60,0,0,0,0,0,NA,NA,NA,75.33961803,8588.716456,8588.716456,0,0,114,114,9.058204581,9.058204581,4.322006132,NA,NA,NA
56,3,High,Mix,No,High Mix No,24,3,2,11,32,0,0,0,0,0,NA,NA,NA,75.33961803,3239.603575,3239.603575,0,0,43,43,8.083206248,8.083206248,4.322006132,NA,NA,NA
57,4,Low,No,Spores,Low No Spores,25,3,2,19,60,0,0,0,0,0,NA,NA,NA,75.33961803,5951.829825,5951.829825,0,0,79,79,8.691453985,8.691453985,4.322006132,NA,NA,NA
58,4,High,No,No,High No No,26,3,2,20,58,0,0,0,0,0,NA,NA,NA,75.33961803,5876.490206,5876.490206,0,0,78,78,8.678714959,8.678714959,4.322006132,NA,NA,NA
59,4,Low,Mix,No,Low Mix No,27,3,2,25,43,0,0,0,0,0,NA,NA,NA,75.33961803,5123.094026,5123.094026,0,0,68,68,8.541513837,8.541513837,4.322006132,NA,NA,NA
60,4,High,Mix,Spores,High Mix Spores,28,3,2,22,63,0,0,0,0,0,NA,NA,NA,75.33961803,6403.867533,6403.867533,0,0,85,85,8.764657389,8.764657389,4.322006132,NA,NA,NA
61,4,Low,No,No,Low No No,29,3,2,23,37,0,0,0,0,0,NA,NA,NA,75.33961803,4520.377082,4520.377082,0,0,60,60,8.416350695,8.416350695,4.322006132,NA,NA,NA
62,4,Low,Mix,Spores,Low Mix Spores,30,3,2,27,44,0,0,0,0,1,NA,NA,NA,75.33961803,5349.11288,5349.11288,0,0,71,71,8.584686009,8.584686009,4.322006132,NA,NA,NA
63,4,High,No,Spores,High No Spores,31,3,2,42,41,0,0,0,0,0,NA,NA,NA,75.33961803,6253.188297,6253.188297,0,0,83,83,8.74084674,8.74084674,4.322006132,NA,NA,NA
64,4,High,Mix,No,High Mix No,32,3,2,23,59,0,0,0,0,1,NA,NA,NA,75.33961803,6177.848679,6177.848679,0,0,82,82,8.72872538,8.72872538,4.322006132,NA,NA,NA
65,1,Low,Mix,Spores,Low Mix Spores,1,5,3,94,228,0,0,0,0,0,1.89,4.334130677,563.6577,75.33961803,24259.35701,24259.35701,0,0,322,322,10.09655768,10.09655768,4.322006132,0.636576829,1.466521054,6.334447152
66,1,High,Mix,No,High Mix No,2,5,3,54,114,0,0,0,0,1,2.03,5.80770221,486.2596,75.33961803,12657.05583,12657.05583,0,0,168,168,9.445970112,9.445970112,4.322006132,0.708035793,1.759185004,6.186742638
68,1,High,No,No,High No No,4,5,3,66,122,0,0,0,0,0,2.13,9.082305617,553.0012,75.33961803,14163.84819,14163.84819,0,0,188,188,9.558448095,9.558448095,4.322006132,0.75612198,2.206328083,6.315360172
69,1,Low,Mix,No,Low Mix No,5,5,3,85,175,0,0,0,0,0,3.19,10.26480129,486.2596,75.33961803,19588.30069,19588.30069,0,0,260,260,9.882687763,9.882687763,4.322006132,1.160020917,2.328720692,6.186742638
70,1,High,Mix,Spores,High Mix Spores,6,5,3,55,150,0,0,0,0,0,2.24,7.845233219,521.2936,75.33961803,15444.6217,15444.6217,0,0,205,205,9.645016111,9.645016111,4.322006132,0.806475866,2.059906114,6.256313415
71,1,Low,No,No,Low No No,7,5,3,55,128,0,0,0,0,0,2.24,6.735506509,521.9818,75.33961803,13787.1501,13787.1501,0,0,183,183,9.531492285,9.531492285,4.322006132,0.806475866,1.907393013,6.257632721
72,1,High,No,Spores,High No Spores,8,5,3,42,110,0,0,0,0,0,2.04,7.481388396,521.2936,75.33961803,11451.62194,11451.62194,0,0,152,152,9.345886653,9.345886653,4.322006132,0.712949808,2.012418389,6.256313415
74,2,Low,No,Spores,Low No Spores,10,5,3,72,145,0,0,0,0,0,2.3,5.935047898,498.167,75.33961803,16348.69711,16348.69711,0,0,217,217,9.701903486,9.701903486,4.322006132,0.832909123,1.780875098,6.210935362
75,2,High,Mix,Spores,High Mix Spores,11,5,3,71,181,0,0,0,0,0,2.27,7.736079772,478.5434824,75.33961803,18985.58374,18985.58374,0,0,252,252,9.85143522,9.85143522,4.322006132,0.819779831,2.04589507,6.170747079
76,2,Low,Mix,No,Low Mix No,12,5,3,39,123,0,0,0,0,0,3.36,14.41946451,448.5688,75.33961803,12205.01812,12205.01812,0,0,162,162,9.409602468,9.409602468,4.322006132,1.211940974,2.668578996,6.10606207
77,2,High,No,Spores,High No Spores,13,5,3,77,205,0,0,0,0,1,2.51,6.160836579,442.5084,75.33961803,21245.77228,21245.77228,0,0,282,282,9.963913203,9.963913203,4.322006132,0.920282753,1.818212577,6.092459447
79,2,High,Mix,No,High Mix No,15,5,3,41,151,0,0,0,0,0,2.09,7.509771079,484.9312,75.33961803,14465.20666,14465.20666,0,0,192,192,9.579501504,9.579501504,4.322006132,0.737164066,2.016204983,6.184007025
80,2,Low,Mix,Spores,Low Mix Spores,16,5,3,46,94,0,0,0,0,0,2.47,10.04170696,436.448,75.33961803,10547.54652,10547.54652,0,0,140,140,9.263648555,9.263648555,4.322006132,0.904218151,2.306747116,6.078669239
81,3,Low,No,No,Low No No,17,5,3,178,212,0,0,0,0,0,2.36,7.437100959,429.8727273,75.33961803,29382.45103,29382.45103,0,0,390,390,10.28815287,10.28815287,4.322006132,0.858661619,2.006481117,6.063489182
82,3,High,No,Spores,High No Spores,18,5,3,163,215,0,0,0,0,0,2.34,8.504265919,412.2064,75.33961803,28478.37562,28478.37562,0,0,378,378,10.25690033,10.25690033,4.322006132,0.850150929,2.14056791,6.021524195
83,3,Low,Mix,No,Low Mix No,19,5,3,147,204,0,0,0,0,5,2.27,6.966824875,414.8152,75.33961803,26444.20593,26444.20593,0,0,351,351,10.18279236,10.18279236,4.322006132,0.819779831,1.941159579,6.02783312
86,3,High,No,No,High No No,22,5,3,4,48,0,0,0,0,0,3.67,13.29746447,424.3272,75.33961803,3917.660138,3917.660138,0,0,52,52,8.273249851,8.273249851,4.322006132,1.300191662,2.587573376,6.050504856
87,3,Low,Mix,Spores,Low Mix Spores,23,5,3,21,41,0,0,0,0,0,3.09,8.251040335,412.2064,75.33961803,4671.056318,4671.056318,0,0,62,62,8.449140517,8.449140517,4.322006132,1.128171091,2.110339294,6.021524195
88,3,High,Mix,No,High Mix No,24,5,3,40,44,0,0,0,0,0,2.7,19.70045422,478.8708,75.33961803,6328.527915,6328.527915,0,0,84,84,8.752822931,8.752822931,4.322006132,0.993251773,2.980641692,6.171430832
89,4,Low,No,Spores,Low No Spores,25,5,3,18,78,0,0,0,0,2,3.2,9.26394267,545.7966,75.33961803,7232.603331,7232.603331,0,0,96,96,8.886354324,8.886354324,4.322006132,1.16315081,2.226129732,6.302246379
90,4,High,No,No,High No No,26,5,3,52,116,0,0,0,0,0,2.72,13.0080638,466.75,75.33961803,12657.05583,12657.05583,0,0,168,168,9.445970112,9.445970112,4.322006132,1.00063188,2.565569457,6.145793782
91,4,Low,Mix,No,Low Mix No,27,5,3,28,51,0,0,0,0,0,3.15,7.87120196,381.9044,75.33961803,5951.829825,5951.829825,0,0,79,79,8.691453985,8.691453985,4.322006132,1.147402453,2.063210778,5.945170316
92,4,High,Mix,Spores,High Mix Spores,28,5,3,16,29,0,0,0,0,0,3.1,7.057262584,454.6292,75.33961803,3390.282811,3390.282811,0,0,45,45,8.128668622,8.128668622,4.322006132,1.131402111,1.95405724,6.119482142
93,4,Low,No,No,Low No No,29,5,3,54,119,0,0,0,0,0,3.14,11.38018505,346.4993212,75.33961803,13033.75392,13033.75392,0,0,173,173,9.475297727,9.475297727,4.322006132,1.1442228,2.43187369,5.84788086
94,4,Low,Mix,Spores,Low Mix Spores,30,5,3,55,84,0,0,0,0,0,3.07,10.96417159,351.6024,75.33961803,10472.20691,10472.20691,0,0,139,139,9.256480065,9.256480065,4.322006132,1.121677562,2.394632829,5.862500992
95,4,High,No,Spores,High No Spores,31,5,3,74,115,0,0,0,0,0,3.11,14.34654188,394.0252,75.33961803,14239.18781,14239.18781,0,0,189,189,9.563753147,9.563753147,4.322006132,1.134622726,2.663508929,5.976414867
96,4,High,Mix,No,High Mix No,32,5,3,24,45,0,0,0,0,0,2.23,9.083067253,394.0252,75.33961803,5198.433644,5198.433644,0,0,69,69,8.556112637,8.556112637,4.322006132,0.802001585,2.206411939,5.976414867
97,1,Low,Mix,Spores,Low Mix Spores,1,8,4,107,586,0,0,0,0,0,3.64,7.939302717,511.8055,75.33961803,52210.3553,52210.3553,0,0,693,693,10.86303613,10.86303613,4.322006132,1.291983682,2.071825452,6.23794467
98,1,High,Mix,No,High Mix No,2,8,4,150,333,0,0,0,0,0,3.51,14.15549465,483.985,75.33961803,36389.03551,36389.03551,0,0,483,483,10.50202279,10.50202279,4.322006132,1.255616037,2.650102863,6.182053915
100,1,High,No,No,High No No,4,8,4,220,622,0,0,0,0,0,3.04,16.73380153,557.704,75.33961803,63435.95838,63435.95838,0,0,842,842,11.05778615,11.05778615,4.322006132,1.111857515,2.817430718,6.323828356
101,1,Low,Mix,No,Low Mix No,5,8,4,161,382,0,0,0,0,0,3.04,10.48229033,503.1124,75.33961803,40909.41259,40909.41259,0,0,543,543,10.61911545,10.61911545,4.322006132,1.111857515,2.349687198,6.220813604
102,1,High,Mix,Spores,High Mix Spores,6,8,4,124,349,0,0,0,0,0,5.54,20.03615349,471.46,75.33961803,35635.63933,35635.63933,0,0,473,473,10.48110152,10.48110152,4.322006132,1.711994501,2.997538316,6.155834263
103,1,Low,No,No,Low No No,7,8,4,264,599,0,0,0,0,0,3,9.228456157,442.5084,75.33961803,65018.09036,65018.09036,0,0,863,863,11.08242082,11.08242082,4.322006132,1.098612289,2.222291771,6.092459447
104,1,High,No,Spores,High No Spores,8,8,4,83,373,0,0,0,0,1,2.95,24.36276436,571.66,75.33961803,34354.86582,34354.86582,0,0,456,456,10.44449894,10.44449894,4.322006132,1.08180517,3.193055916,6.348544409
106,2,Low,No,Spores,Low No Spores,10,8,4,143,348,0,0,0,0,0,3.31,14.72060301,478.8708,75.33961803,36991.75245,36991.75245,0,0,491,491,10.51845026,10.51845026,4.322006132,1.196948189,2.689248078,6.171430832
107,2,High,Mix,Spores,High Mix Spores,11,8,4,115,259,0,0,0,0,1,6.78,16.99869607,551.5956,75.33961803,28177.01714,28177.01714,0,0,374,374,10.24626193,10.24626193,4.322006132,1.913977102,2.833136639,6.312815169
108,2,Low,Mix,No,Low Mix No,12,8,4,160,453,0,0,0,0,0,2.97,9.281435066,472.8104,75.33961803,46183.18585,46183.18585,0,0,613,613,10.74037107,10.74037107,4.322006132,1.088561953,2.228016176,6.158694462
109,2,High,No,Spores,High No Spores,13,8,4,310,533,0,0,0,0,1,3.47,17.52848516,497.052,75.33961803,63511.298,63511.298,0,0,843,843,11.05897309,11.05897309,4.322006132,1.244154594,2.863827281,6.208694648
111,2,High,Mix,No,High Mix No,15,8,4,156,494,0,0,0,0,0,2.73,19.02955423,509.1728,75.33961803,48970.75172,48970.75172,0,0,650,650,10.7989785,10.7989785,4.322006132,1.004301609,2.945993256,6.232787448
112,2,Low,Mix,Spores,Low Mix Spores,16,8,4,130,316,0,0,0,0,0,2.6,7.356534723,509.1728,75.33961803,33601.46964,33601.46964,0,0,446,446,10.42232508,10.42232508,4.322006132,0.955511445,1.995588996,6.232787448
113,3,Low,No,No,Low No No,17,8,4,133,321,0,0,0,0,0,3.15,10.38901044,NA,75.33961803,34204.18659,34204.18659,0,0,454,454,10.44010333,10.44010333,4.322006132,1.147402453,2.340748559,NA
114,3,High,No,Spores,High No Spores,18,8,4,97,347,1,0,0,0,0,3.94,17.86401824,540.3475,75.33961803,33526.13002,33526.13002,0,0,445,445,10.42008041,10.42008041,4.322006132,1.371180723,2.882788536,6.292212451
115,3,Low,Mix,No,Low Mix No,19,8,4,157,417,0,0,0,0,3,2.65,11.66548595,440.1475,75.33961803,43244.94075,43244.94075,0,0,574,574,10.67463553,10.67463553,4.322006132,0.97455964,2.456634563,6.087109898
118,3,High,No,No,High No No,22,8,4,187,380,1,0,0,0,0,5.47,14.79124155,600.0788,75.33961803,42792.90304,42792.90304,0,0,568,568,10.66412755,10.66412755,4.322006132,1.699278616,2.694035218,6.39706098
119,3,Low,Mix,Spores,Low Mix Spores,23,8,4,75,256,0,0,0,0,0,3.67,6.40291437,377.5225,75.33961803,24937.41357,24937.41357,0,0,331,331,10.12412451,10.12412451,4.322006132,1.300191662,1.856753257,5.93363017
120,3,High,Mix,No,High Mix No,24,8,4,110,330,0,0,0,0,0,4.76,14.20847356,565.3975,75.33961803,33149.43193,33149.43193,0,0,440,440,10.40878086,10.40878086,4.322006132,1.560247668,2.653838516,6.337529024
121,4,Low,No,Spores,Low No Spores,25,8,4,110,338,0,0,0,0,0,5.35,8.218722878,515.2975,75.33961803,33752.14888,33752.14888,0,0,448,448,10.42679936,10.42679936,4.322006132,1.677096561,2.106414829,6.244744404
122,4,High,No,No,High No No,26,8,4,65,250,0,0,0,0,0,4.25,13.89007351,446.41,75.33961803,23731.97968,23731.97968,0,0,315,315,10.07457877,10.07457877,4.322006132,1.446918983,2.631174449,6.101237812
123,4,Low,Mix,No,Low Mix No,27,8,4,98,302,0,0,0,0,0,3.79,6.928976472,440.1475,75.33961803,30135.84721,30135.84721,0,0,400,400,10.31347068,10.31347068,4.322006132,1.332366019,1.935712107,6.087109898
124,4,High,Mix,Spores,High Mix Spores,28,8,4,87,268,0,0,0,0,0,5.18,14.19042541,529.4608,75.33961803,26745.5644,26745.5644,0,0,355,355,10.19412392,10.19412392,4.322006132,1.644805056,2.65256747,6.27185913
125,4,Low,No,No,Low No No,29,8,4,112,317,0,0,0,0,0,3.16,13.11269212,472.8104,75.33961803,32320.69614,32320.69614,0,0,429,429,10.38346305,10.38346305,4.322006132,1.150572028,2.573580625,6.158694462
126,4,Low,Mix,Spores,Low Mix Spores,30,8,4,50,209,0,0,0,0,0,3.9,13.11269212,446.41,75.33961803,19512.96107,19512.96107,0,0,259,259,9.878834194,9.878834194,4.322006132,1.360976553,2.573580625,6.101237812
127,4,High,No,Spores,High No Spores,31,8,4,56,279,0,0,0,0,0,4.72,16.89359254,479.3237809,75.33961803,25238.77204,25238.77204,0,0,335,335,10.13613666,10.13613666,4.322006132,1.5518088,2.82693441,6.172376321
128,4,High,Mix,No,High Mix No,32,8,4,90,204,0,0,0,0,0,3.43,14.66745491,502.7725,75.33961803,22149.8477,22149.8477,0,0,294,294,10.0055859,10.0055859,4.322006132,1.232560261,2.685631088,6.220137782
129,1,Low,Mix,Spores,Low Mix Spores,1,12,5,90,223,0,0,0,0,0,0.98,9.499080712,587.4725,75.33961803,23581.30044,23581.30044,0,0,313,313,10.06820932,10.06820932,4.322006132,-0.020202707,2.251195027,6.375829436
130,1,High,Mix,No,High Mix No,2,12,5,222,525,0,0,0,0,0,2.1,15.59458226,712.5002,75.33961803,56278.69467,56278.69467,0,0,747,747,10.93807132,10.93807132,4.322006132,0.741937345,2.746923563,6.568780193
132,1,High,No,No,High No No,4,12,5,202,427,0,0,0,0,0,2.28,13.08041397,581.5188,75.33961803,47388.61974,47388.61974,0,0,629,629,10.76613739,10.76613739,4.322006132,0.824175443,2.571115995,6.365643302
133,1,Low,Mix,No,Low Mix No,5,12,5,106,414,0,0,0,0,0,1.41,8.070164918,575.5651,75.33961803,39176.60138,39176.60138,0,0,520,520,10.57583494,10.57583494,4.322006132,0.343589704,2.088173918,6.355352341
134,1,High,Mix,Spores,High Mix Spores,6,12,5,207,309,0,2,0,0,0,1.5,9.951269254,588.3118,150.6792361,38875.2429,39025.92214,0.003861004,2,516,518,10.57198137,10.5681129,5.015153313,0.405465108,2.297700106,6.377257079
135,1,Low,No,No,Low No No,7,12,5,141,425,0,0,0,0,0,1.17,7.204021795,547.1161,75.33961803,42642.22381,42642.22381,0,0,566,566,10.66060021,10.66060021,4.322006132,0.157003749,1.974639453,6.304661029
136,1,High,No,Spores,High No Spores,8,12,5,78,344,0,1,1,0,0,4.6,18.82532818,605.9671,150.6792361,31793.31881,31943.99805,0.004716981,2,422,424,10.37173959,10.36701145,5.015153313,1.526056303,2.935203207,6.406825694
138,2,Low,No,Spores,Low No Spores,10,12,5,50,182,0,0,0,0,0,3,28.33858365,664.8706,75.33961803,17478.79138,17478.79138,0,0,232,232,9.768743504,9.768743504,4.322006132,1.098612289,3.344224256,6.499592435
139,2,High,Mix,Spores,High Mix Spores,11,12,5,78,207,0,0,0,0,0,1.42,15.0236295,635.3926,75.33961803,21471.79114,21471.79114,0,0,285,285,9.974495313,9.974495313,4.322006132,0.350656872,2.709624262,6.454243076
140,2,Low,Mix,No,Low Mix No,12,12,5,259,585,0,0,0,0,0,2.29,10.35708942,718.4539,75.33961803,63586.63762,63586.63762,0,0,844,844,11.06015863,11.06015863,4.322006132,0.828551818,2.337671253,6.577101542
141,2,High,No,Spores,High No Spores,13,12,5,153,437,0,3,1,0,0,3.94,20.86130899,641.2777,301.3584721,44450.37464,44751.73311,0.006734007,4,590,594,10.70888545,10.70212867,5.708300493,1.371180723,3.037896199,6.463462592
143,2,High,Mix,No,High Mix No,15,12,5,169,667,0,0,0,0,0,1.18,10.57329977,676.778,75.33961803,62983.92067,62983.92067,0,0,836,836,11.05063475,11.05063475,4.322006132,0.165514438,2.358331934,6.517343302
144,2,Low,Mix,Spores,Low Mix Spores,16,12,5,54,160,0,1,1,0,0,2.46,11.14986071,605.9671,150.6792361,16122.67826,16273.35749,0.009259259,2,214,216,9.69728454,9.687982147,5.015153313,0.90016135,2.411427005,6.406825694
145,3,Low,No,No,Low No No,17,12,5,62,224,0,0,0,0,1,1.63,10.60933483,570.6565,75.33961803,21547.13076,21547.13076,0,0,286,286,9.977997943,9.977997943,4.322006132,0.488580015,2.361734258,6.346787452
146,3,High,No,Spores,High No Spores,18,12,5,108,269,0,0,0,0,0,1.32,16.6812422,641.0558,75.33961803,28403.036,28403.036,0,0,377,377,10.25425132,10.25425132,4.322006132,0.277631737,2.814284867,6.463116505
147,3,Low,Mix,No,Low Mix No,19,12,5,168,570,0,0,0,0,0,1.5,12.3750527,529.4608,75.33961803,55600.63811,55600.63811,0,0,738,738,10.92594996,10.92594996,4.322006132,0.405465108,2.515682567,6.27185913
150,3,High,No,No,High No No,22,12,5,157,405,0,0,0,0,0,1.85,14.03266539,611.2873,75.33961803,42340.86533,42340.86533,0,0,562,562,10.65350798,10.65350798,4.322006132,0.615185639,2.641387854,6.415567061
151,3,Low,Mix,Spores,Low Mix Spores,23,12,5,197,532,1,0,0,0,0,1.45,8.573354021,541.231,75.33961803,54997.92116,54997.92116,0,0,730,730,10.91505067,10.91505067,4.322006132,0.371563556,2.148659024,6.293846175
152,3,High,Mix,No,High Mix No,24,12,5,110,276,0,0,0,0,0,1.73,23.45583321,558.8863,75.33961803,29081.09256,29081.09256,0,0,386,386,10.2778435,10.2778435,4.322006132,0.548121409,3.155119215,6.325946054
153,4,Low,No,Spores,Low No Spores,25,12,5,56,187,0,0,0,0,0,1.89,9.059827311,582.4267,75.33961803,18307.52718,18307.52718,0,0,243,243,9.815067576,9.815067576,4.322006132,0.636576829,2.203850059,6.367203341
154,4,High,No,No,High No No,26,12,5,324,810,0,0,0,0,0,3.95,27.31158448,569.6114,75.33961803,85435.12685,85435.12685,0,0,1134,1134,11.35551262,11.35551262,4.322006132,1.373715579,3.307310952,6.344954374
155,4,Low,Mix,No,Low Mix No,27,12,5,170,562,0,0,0,0,0,1.5,10.21294919,581.5188,75.33961803,55148.6004,55148.6004,0,0,732,732,10.91778665,10.91778665,4.322006132,0.405465108,2.323656444,6.365643302
156,4,High,Mix,Spores,High Mix Spores,28,12,5,123,519,0,0,0,0,0,3.23,36.6806997,605.3336,75.33961803,48368.03478,48368.03478,0,0,642,642,10.78659444,10.78659444,4.322006132,1.172482137,3.602250723,6.405779711
157,4,Low,No,No,Low No No,29,12,5,192,503,0,0,0,0,0,1.17,17.58211866,529.4608,75.33961803,52361.03453,52361.03453,0,0,695,695,10.86591798,10.86591798,4.322006132,0.157003749,2.8668824,6.27185913
158,4,Low,Mix,Spores,Low Mix Spores,30,12,5,99,460,0,0,0,0,0,1.04,9.840294044,558.8863,75.33961803,42114.84648,42114.84648,0,0,559,559,10.64815561,10.64815561,4.322006132,0.039220713,2.286485593,6.325946054
159,4,High,No,Spores,High No Spores,31,12,5,73,284,0,0,0,0,0,2.37,13.6593426,593.4262,75.33961803,26896.24364,26896.24364,0,0,357,357,10.19974191,10.19974191,4.322006132,0.862889955,2.614423727,6.385912859
160,4,High,Mix,No,High Mix No,32,12,5,74,285,0,0,0,0,1,2.8,19.68941926,551.7503,75.33961803,27046.92287,27046.92287,0,0,359,359,10.20532852,10.20532852,4.322006132,1.029619417,2.980081398,6.313095589
161,1,Low,Mix,Spores,Low Mix Spores,1,15,6,137,888,0,55,28,0,0,3.16,98.49260568,991.2475,6253.188297,77223.10848,83476.29678,0.074909747,83,1025,1108,11.332318,11.25445402,8.74084674,1.150572028,4.589981476,6.898964251
162,1,High,Mix,No,High Mix No,2,15,6,115,757,0,0,0,0,0,4.88,31.93661429,1131.1632,75.33961803,65696.14692,65696.14692,0,0,872,872,11.09279556,11.09279556,4.322006132,1.58514522,3.463753135,7.031001763
164,1,High,No,No,High No No,4,15,6,232,1152,0,0,0,0,0,14.89,62.06063732,1462.9386,75.33961803,104270.0314,104270.0314,0,0,1384,1384,11.55473927,11.55473927,4.322006132,2.700689847,4.128111928,7.288202432
165,1,Low,Mix,No,Low Mix No,5,15,6,249,424,0,0,0,0,0,3.26,13.29950308,527.8225,75.33961803,50703.56294,50703.56294,0,0,673,673,10.83375146,10.83375146,4.322006132,1.181727195,2.587726672,6.268760053
166,1,High,Mix,Spores,High Mix Spores,6,15,6,294,669,0,126,0,0,0,8.13,87.72250583,1614.6782,9492.791872,72552.05216,82044.84404,0.115702479,126,963,1089,11.31502126,11.19205954,9.158288039,2.095560924,4.474178489,7.386890959
167,1,Low,No,No,Low No No,7,15,6,347,736,2,0,0,0,0,1.98,12.29596633,602.9725,75.33961803,81743.48556,81743.48556,0,0,1085,1085,11.3113414,11.3113414,4.322006132,0.683096845,2.509271268,6.40187159
168,1,High,No,Spores,High No Spores,8,15,6,121,419,0,38,9,0,0,3.1,27.0443726,1032.7388,3540.962047,40683.39374,44224.35578,0.080068143,47,540,587,10.69703095,10.61357527,8.172153734,1.131402111,3.297478947,6.939969581
170,2,Low,No,Spores,Low No Spores,10,15,6,26,190,0,16,4,0,0,3.09,10.03800862,582.6210123,1506.792361,16273.35749,17780.14986,0.084745763,20,216,236,9.785837937,9.69728454,7.317738406,1.128171091,2.30637875,6.36753691
171,2,High,Mix,Spores,High Mix Spores,11,15,6,313,1008,0,128,11,0,1,6.63,33.54944123,1235.2496,10472.20691,99523.63542,109995.8423,0.095205479,139,1321,1460,11.60819785,11.50815044,9.256480065,1.891604804,3.513020208,7.119028334
172,2,Low,Mix,No,Low Mix No,12,15,6,257,495,0,0,0,0,0,17.63,30.80763544,753.2725,75.33961803,56655.39276,56655.39276,0,0,752,752,10.94474246,10.94474246,4.322006132,2.869601996,3.427762563,6.624427048
173,2,High,No,Spores,High No Spores,13,15,6,138,324,0,50,3,0,2,3.01,26.84724931,1046.593,3992.999756,34806.90353,38799.90329,0.102912621,53,462,515,10.56617303,10.45757102,8.292298046,1.101940079,3.290163369,6.953295406
175,2,High,Mix,No,High Mix No,15,15,6,251,973,0,0,0,0,1,8.5,54.92835822,1358.8522,75.33961803,92215.69247,92215.69247,0,0,1224,1224,11.4318856,11.4318856,4.322006132,2.140066163,4.006029758,7.214395652
176,2,Low,Mix,Spores,Low Mix Spores,16,15,6,47,399,0,23,1,0,0,3.3,13.06653919,628.0225,1808.150833,33601.46964,35409.62047,0.05106383,24,446,470,10.47473883,10.42232508,7.500059963,1.193922468,2.570054702,6.442575994
177,3,Low,No,No,Low No No,17,15,6,98,395,0,0,0,0,0,4.51,8.658145579,740.7475,75.33961803,37142.43169,37142.43169,0,0,493,493,10.52251531,10.52251531,4.322006132,1.506297154,2.158500563,6.607659811
178,3,High,No,Spores,High No Spores,18,15,6,145,575,0,31,5,0,0,11.77,86.96985327,1397.8846,2712.226249,54244.52498,56956.75123,0.047619048,36,720,756,10.95004751,10.90125734,7.905525071,2.465553921,4.465561544,7.242715373
179,3,Low,Mix,No,Low Mix No,19,15,6,179,579,0,0,0,0,3,4.97,25.95123435,747.01,75.33961803,57107.43047,57107.43047,0,0,758,758,10.95268952,10.95268952,4.322006132,1.60341984,3.256219175,6.616078572
182,3,High,No,No,High No No,22,15,6,273,990,0,0,0,0,0,5.2,31.16604143,1222.2388,75.33961803,95153.93757,95153.93757,0,0,1263,1263,11.46325125,11.46325125,4.322006132,1.648658626,3.439329086,7.108439538
183,3,Low,Mix,Spores,Low Mix Spores,23,15,6,107,190,0,36,1,0,0,5.24,32.61758567,682.7317,2787.565867,22375.86656,25163.43242,0.110778443,37,297,334,10.13314713,10.01573827,7.932924045,1.656321498,3.484851581,6.526101957
184,3,High,Mix,No,High Mix No,24,15,6,98,280,0,0,0,0,0,6.21,33.5247761,847.21,75.33961803,28478.37562,28478.37562,0,0,378,378,10.25690033,10.25690033,4.322006132,1.826160896,3.512284751,6.741948598
185,4,Low,No,Spores,Low No Spores,25,15,6,43,171,0,16,1,0,1,3.75,8.294469354,565.3975,1280.773507,16122.67826,17403.45177,0.073593074,17,214,231,9.764423843,9.687982147,7.155219476,1.32175584,2.11558895,6.337529024
186,4,High,No,No,High No No,26,15,6,323,1279,0,0,0,0,0,4.35,34.70660736,1105.1416,75.33961803,120694.0681,120694.0681,0,0,1602,1602,11.70101426,11.70101426,4.322006132,1.470175845,3.546930083,7.007728751
187,4,Low,Mix,No,Low Mix No,27,15,6,127,663,0,0,0,0,0,3.47,8.079590944,590.4475,75.33961803,59518.29825,59518.29825,0,0,790,790,10.99403908,10.99403908,4.322006132,1.244154594,2.089341246,6.380880724
188,4,High,Mix,Spores,High Mix Spores,28,15,6,256,366,0,58,2,0,0,1.86,22.26156606,959.935,4520.377082,46861.24242,51381.6195,0.08797654,60,622,682,10.84703579,10.75494623,8.416350695,0.620576488,3.102861696,6.866865574
189,4,Low,No,No,Low No No,29,15,6,221,752,0,0,0,0,0,2.88,33.5247761,603.6497115,75.33961803,73305.44834,73305.44834,0,0,973,973,11.20239021,11.20239021,4.322006132,1.057790294,3.512284751,6.402994082
190,4,Low,Mix,Spores,Low Mix Spores,30,15,6,119,186,0,28,1,0,0,2.59,7.273796903,552.8725,2184.848923,22978.5835,25163.43242,0.086826347,29,305,334,10.13314713,10.04231791,7.689301962,0.951657876,1.984278425,6.315127414
191,4,High,No,Spores,High No Spores,31,15,6,83,270,0,18,1,0,0,3.36,25.43102262,966.1975,1431.452743,26594.88517,28026.33791,0.051075269,19,353,372,10.24089999,10.18847419,7.266445111,1.211940974,3.235969792,6.873368265
192,4,High,Mix,No,High Mix No,32,15,6,NA,NA,NA,NA,NA,NA,NA,7.69,64.5388934,1267.7766,NA,NA,NA,NA,NA,NA,NA,NA,NA,NA,2.039920784,4.167268041,7.145019937
193,1,Low,Mix,Spores,Low Mix Spores,1,19,7,179,603,0,25,16,0,0,1.33,7.81199553,694.6391,3088.924339,58915.5813,62004.50564,0.04981774,41,782,823,11.03496233,10.98386087,8.035578199,0.285178942,2.055660441,6.54339243
194,1,High,Mix,No,High Mix No,2,19,7,232,995,0,0,0,0,0,6.78,43.46253969,974.463,75.33961803,92441.71132,92441.71132,0,0,1227,1227,11.43433358,11.43433358,4.322006132,1.913977102,3.771899411,6.88188655
196,1,High,No,No,High No No,4,19,7,772,964,1,0,0,0,0,4.04,25.48194745,938.7408,75.33961803,130864.9165,130864.9165,0,0,1737,1737,11.7819209,11.7819209,4.322006132,1.396244692,3.237970258,6.844539403
197,1,Low,Mix,No,Low Mix No,5,19,7,523,1476,0,0,0,0,0,2.27,25.29921786,694.6391,75.33961803,150603.8964,150603.8964,0,0,1999,1999,11.92240847,11.92240847,4.322006132,0.819779831,3.230773481,6.54339243
198,1,High,Mix,Spores,High Mix Spores,6,19,7,478,1739,0,77,1,0,0,2.56,17.47839115,891.1112,5876.490206,167027.9332,172904.4234,0.033986928,78,2217,2295,12.06049425,12.02591634,8.678714959,0.940007258,2.860965327,6.792469223
199,1,Low,No,No,Low No No,7,19,7,548,565,1,0,0,0,0,1.99,6.770436833,623.1947,75.33961803,83928.33449,83928.33449,0,0,1114,1114,11.33771855,11.33771855,4.322006132,0.688134639,1.91256561,6.43485899
200,1,High,No,Spores,High No Spores,8,19,7,329,649,0,63,24,0,1,1.87,22.32072544,1080.7415,6554.546769,73682.14643,80236.6932,0.081690141,87,978,1065,11.29273621,11.2075158,8.787914251,0.625938431,3.105515639,6.985402659
202,2,Low,No,Spores,Low No Spores,10,19,7,1040,683,0,112,41,0,2,5.31,10.7173961,676.778,11526.96156,129810.1619,141337.1234,0.081556503,153,1723,1876,11.85890326,11.77382837,9.352444054,1.669591835,2.371868225,6.517343302
203,2,High,Mix,Spores,High Mix Spores,11,19,7,1156,1924,1,91,14,0,0,28.84,105.6636941,1232.2632,7910.659893,232121.3632,240032.023,0.032956685,105,3081,3186,12.38852762,12.35501563,8.975966482,3.361763312,4.660261353,7.116607758
204,2,Low,Mix,No,Low Mix No,12,19,7,1051,1568,0,0,0,0,1,10.79,22.99682495,795.852,75.33961803,197314.4596,197314.4596,0,0,2619,2619,12.19255398,12.19255398,4.322006132,2.378619779,3.135356161,6.679413239
205,2,High,No,Spores,High No Spores,13,19,7,820,1099,1,107,17,0,1,2.69,22.39381728,885.1575,9342.112636,144652.0666,153994.1793,0.060665362,124,1920,2044,11.94467008,11.8820866,9.142287698,0.989541194,3.108784906,6.785765595
207,2,High,Mix,No,High Mix No,15,19,7,462,1235,0,0,0,0,1,9.74,23.12473567,920.8797,75.33961803,127851.3318,127851.3318,0,0,1697,1697,11.7586234,11.7586234,4.322006132,2.276241118,3.140902853,6.825329409
208,2,Low,Mix,Spores,Low Mix Spores,16,19,7,167,531,0,35,6,0,0,5.29,17.60630187,647.0095,3088.924339,52587.05339,55675.97773,0.055480379,41,698,739,10.92730405,10.87022524,8.035578199,1.665818246,2.868256899,6.472360978
209,3,Low,No,No,Low No No,17,19,7,509,221,1,0,0,0,0,23.9,34.27124102,754.1761,75.33961803,55073.26078,55073.26078,0,0,731,731,10.91641959,10.91641959,4.322006132,3.173878459,3.534306548,6.625625895
210,3,High,No,Spores,High No Spores,18,19,7,513,994,0,86,9,0,0,2.44,27.93052404,908.9723,7157.263713,113536.8044,120694.0681,0.059300874,95,1507,1602,11.70101426,11.63988233,8.875883024,0.891998039,3.329720142,6.812314621
211,3,Low,Mix,No,Low Mix No,19,19,7,1405,1528,0,0,0,0,6,7.87,13.12942677,688.6854,75.33961803,220971.0997,220971.0997,0,0,2933,2933,12.3057872,12.3057872,4.322006132,2.063058062,2.574856029,6.534784563
214,3,High,No,No,High No No,22,19,7,573,883,0,0,0,0,1,3.03,16.67461487,915.3172156,75.33961803,109694.4839,109694.4839,0,0,1456,1456,11.60545436,11.60545436,4.322006132,1.10856262,2.813887495,6.819270689
215,3,Low,Mix,Spores,Low Mix Spores,23,19,7,463,1419,0,122,6,0,0,7.06,33.73038536,742.2687,9643.471108,141789.1611,151432.6322,0.063681592,128,1882,2010,11.92789613,11.86209645,9.174036396,1.954445052,3.518399074,6.609711307
216,3,High,Mix,No,High Mix No,24,19,7,521,439,5,0,0,0,0,10.99,71.54339144,968.5093,75.33961803,72702.7314,72702.7314,0,0,965,965,11.19413423,11.19413423,4.322006132,2.396985768,4.270304139,6.875758085
217,4,Low,No,Spores,Low No Spores,25,19,7,372,965,0,63,4,0,0,1.17,20.9929908,629.1484,5047.754408,100729.0693,105776.8237,0.047720798,67,1337,1404,11.56908672,11.52018971,8.526698752,0.157003749,3.044188611,6.444367159
218,4,High,No,No,High No No,26,19,7,785,924,0,0,0,0,0,1.62,17.78142551,897.0649,75.33961803,128755.4072,128755.4072,0,0,1709,1709,11.76566982,11.76566982,4.322006132,0.482426149,2.878154402,6.799128212
219,4,Low,Mix,No,Low Mix No,27,19,7,249,594,0,0,0,0,0,3.03,13.33603852,712.5002,75.33961803,63511.298,63511.298,0,0,843,843,11.05897309,11.05897309,4.322006132,1.10856262,2.590470034,6.568780193
220,4,High,Mix,Spores,High Mix Spores,28,19,7,231,1305,0,49,1,0,0,7.18,28.68623196,926.8334,3766.980902,115721.6533,119488.6342,0.031525851,50,1536,1586,11.69097653,11.65894305,8.234029138,1.971299383,3.356417285,6.83177383
221,4,Low,No,No,Low No No,29,19,7,519,625,1,0,0,0,0,4.06,8.582196102,724.4076,75.33961803,86263.86265,86263.86265,0,0,1145,1145,11.36516605,11.36516605,4.322006132,1.401182974,2.149689837,6.585354217
222,4,Low,Mix,Spores,Low Mix Spores,30,19,7,292,938,0,72,3,0,0,3.09,14.96903782,682.7317,5650.471352,92667.73018,98318.20153,0.057471264,75,1230,1305,11.49596445,11.43677558,8.639494246,1.128171091,2.705983922,6.526101957
223,4,High,No,Spores,High No Spores,31,19,7,202,998,0,50,0,0,0,12.89,41.6595042,1001.339827,3766.980902,90407.54164,94174.52254,0.04,50,1200,1250,11.45290496,11.41208297,8.234029138,2.556451817,3.729529535,6.909094209
224,4,High,Mix,No,High Mix No,32,19,7,313,566,0,0,0,0,1,5.39,30.70026444,938.7408,75.33961803,66223.52425,66223.52425,0,0,879,879,11.10079103,11.10079103,4.322006132,1.684545385,3.424271268,6.844539403
225,1,Low,Mix,Spores,Low Mix Spores,1,22,8,435,1038,1,10,1,0,0,1.48,14.31106486,690.9848,828.7357983,111050.597,111879.3328,0.007407407,11,1474,1485,11.62517618,11.61774121,6.719901405,0.392042088,2.661033004,6.538117826
226,1,High,Mix,No,High Mix No,2,22,8,298,613,0,0,0,0,0,6.05,34.58126162,1095.5308,75.33961803,68634.39203,68634.39203,0,0,911,911,11.13654903,11.13654903,4.322006132,1.800058272,3.543311964,6.998994274
228,1,High,No,No,High No No,4,22,8,268,591,0,0,0,0,0,1.74,24.62522858,1057.8556,75.33961803,64716.73189,64716.73189,0,0,859,859,11.07777505,11.07777505,4.322006132,0.553885113,3.203771469,6.963999119
229,1,Low,Mix,No,Low Mix No,5,22,8,805,1100,0,0,0,0,1,1.67,9.368861409,690.9848,75.33961803,143521.9724,143521.9724,0,0,1905,1905,11.87424342,11.87424342,4.322006132,0.512823626,2.237391574,6.538117826
230,1,High,Mix,Spores,High Mix Spores,6,22,8,777,2961,0,28,3,0,1,2.21,20.11278195,933.4008,2335.528159,281619.4922,283955.0204,0.008224993,31,3738,3769,12.55657113,12.54831212,7.755993337,0.792992516,3.001355531,6.838834691
231,1,Low,No,No,Low No No,7,22,8,421,407,0,0,0,0,0,2.22,9.082356861,751.5888,75.33961803,62381.20373,62381.20373,0,0,828,828,11.04101929,11.04101929,4.322006132,0.797507196,2.206333725,6.622189366
232,1,High,No,Spores,High No Spores,8,22,8,240,568,0,18,3,0,0,3.1,20.23812769,963.7028,1582.131979,60874.41137,62456.54335,0.025331725,21,808,829,11.04222629,11.01656819,7.36652857,1.131402111,3.007568335,6.870782948
234,2,Low,No,Spores,Low No Spores,10,22,8,1,14,0,0,0,0,0,8.6,21.29461321,NA,75.33961803,1130.09427,1130.09427,0,0,15,15,7.030056333,7.030056333,4.322006132,2.151762203,3.05845414,NA
235,2,High,Mix,Spores,High Mix Spores,11,22,8,945,2679,1,8,2,0,1,4.16,32.73688859,NA,753.3961803,273106.1154,273859.5115,0.002751032,10,3625,3635,12.52037052,12.5176157,6.624591225,1.425515074,3.488502534,NA
236,2,Low,Mix,No,Low Mix No,12,22,8,814,1047,0,0,0,0,0,4.9,20.41719303,NA,75.33961803,140207.0292,140207.0292,0,0,1861,1861,11.85087539,11.85087539,4.322006132,1.589235205,3.016377341,NA
237,2,High,No,Spores,High No Spores,13,22,8,1783,2056,7,84,23,0,1,3.44,20.97229559,1045.2972,8061.339129,289756.1709,297817.5101,0.02706805,107,3846,3953,12.6042362,12.57679506,8.994834967,1.235471471,3.043202309,6.952056526
239,2,High,Mix,No,High Mix No,15,22,8,1386,1893,0,0,0,0,0,4.38,21.04152628,1027.536107,75.33961803,247038.6075,247038.6075,0,0,3279,3279,12.41729991,12.41729991,4.322006132,1.477048724,3.046497927,6.934919086
240,2,Low,Mix,Spores,Low Mix Spores,16,22,8,118,749,0,3,2,0,0,1.94,9.902435675,NA,376.6980902,65319.44883,65696.14692,0.005733945,5,867,872,11.09279556,11.08704511,5.931444045,0.662687973,2.292780755,NA
241,3,Low,No,No,Low No No,17,22,8,249,869,1,0,0,0,0,8.19,16.72155845,703.1056,75.33961803,84305.03258,84305.03258,0,0,1119,1119,11.34219684,11.34219684,4.322006132,2.102913898,2.816698812,6.555507094
242,3,High,No,Spores,High No Spores,18,22,8,1099,2162,0,81,5,0,0,3.46,21.48780395,1032.7388,6479.207151,245682.4944,252161.7016,0.025694652,86,3261,3347,12.43782583,12.41179531,8.776353429,1.241268589,3.067485516,6.939969581
243,3,Low,Mix,No,Low Mix No,19,22,8,968,1805,3,0,0,0,2,2.69,20.66665304,757.6492,75.33961803,209142.7797,209142.7797,0,0,2776,2776,12.25077245,12.25077245,4.322006132,0.989541194,3.028521437,6.630220482
246,3,High,No,No,High No No,22,22,8,387,769,1,0,0,0,0,5.9,22.20184822,854.6156,75.33961803,87167.93806,87167.93806,0,0,1157,1157,11.37559186,11.37559186,4.322006132,1.774952351,3.100175539,6.750651777
247,3,Low,Mix,Spores,Low Mix Spores,23,22,8,676,1268,0,13,1,0,0,3.97,23.52283012,788.4313744,1054.754652,146460.2175,147514.9721,0.007150153,14,1944,1958,11.90168496,11.89450912,6.961063462,1.378766095,3.157971444,6.67004537
248,3,High,Mix,No,High Mix No,24,22,8,149,505,0,0,0,0,0,5.5,16.02536529,709.166,75.33961803,49272.11019,49272.11019,0,0,654,654,10.80511348,10.80511348,4.322006132,1.704748092,2.774172798,6.564089632
249,4,Low,No,Spores,Low No Spores,25,22,8,296,742,0,14,0,0,1,2.14,10.79499101,684.9244,1054.754652,78202.52352,79257.27817,0.013307985,14,1038,1052,11.28045453,11.2670572,6.961063462,0.760805829,2.379082231,6.529308467
250,4,High,No,No,High No No,26,22,8,1413,1832,0,0,0,0,0,2.83,19.2207134,929.6476,75.33961803,244477.0605,244477.0605,0,0,3245,3245,12.40687676,12.40687676,4.322006132,1.040276712,2.95598852,6.83480559
251,4,Low,Mix,No,Low Mix No,27,22,8,504,1380,0,0,0,0,0,1.25,18.89939347,715.2264,75.33961803,141939.8404,141939.8404,0,0,1884,1884,11.86315859,11.86315859,4.322006132,0.223143551,2.93912983,6.572599136
252,4,High,Mix,Spores,High Mix Spores,28,22,8,381,1350,0,17,0,0,0,3.96,17.81047596,975.8236,1280.773507,130412.8788,131693.6523,0.0097254,17,1731,1748,11.78823369,11.77846069,7.155219476,1.376244025,2.879786821,6.883281832
253,4,Low,No,No,Low No No,29,22,8,639,897,0,0,0,0,0,2.29,8.295836067,697.0452,75.33961803,115721.6533,115721.6533,0,0,1536,1536,11.65894305,11.65894305,4.322006132,0.828551818,2.11575371,6.546850258
254,4,Low,Mix,Spores,Low Mix Spores,30,22,8,557,1084,0,26,2,0,0,1.54,8.706411523,666.7432,2109.509305,123632.3132,125741.8225,0.016776513,28,1641,1669,11.74198606,11.72506722,7.654210642,0.431782416,2.164059711,6.502404964
255,4,High,No,Spores,High No Spores,31,22,8,222,825,0,12,0,0,0,18.66,41.24897912,909.1592,904.0754164,78880.58008,79784.6555,0.011331445,12,1047,1059,11.28708648,11.27569034,6.806912782,2.926382195,3.719626364,6.812520216
256,4,High,Mix,No,High Mix No,32,22,8,170,940,0,0,0,0,0,5.77,20.16682205,859.735,75.33961803,83626.97602,83626.97602,0,0,1110,1110,11.33412143,11.33412143,4.322006132,1.752672081,3.004038781,6.756624202
257,1,Low,Mix,Spores,Low Mix Spores,1,26,9,496,1984,0,134,67,0,0,2.35,8.709207159,NA,15143.26322,186842.2527,201985.5159,0.074972025,201,2480,2681,12.21595127,12.13801997,9.62531104,0.854415328,2.16438076,NA
258,1,High,Mix,No,High Mix No,2,26,9,419,1832,1,0,0,0,0,3.31,18.96081389,1093.9173,75.33961803,169664.8198,169664.8198,0,0,2252,2252,12.04158012,12.04158012,4.322006132,1.196948189,2.942374423,6.997520386
260,1,High,No,No,High No No,4,26,9,1091,1904,0,0,0,0,0,2.83,22.19052362,950.6482,75.33961803,225642.156,225642.156,0,0,2995,2995,12.32670564,12.32670564,4.322006132,1.040276712,3.099665334,6.857144068
261,1,Low,Mix,No,Low Mix No,5,26,9,1398,2411,1,0,0,0,0,1.61,9.525706811,641.2777,75.33961803,287043.9447,287043.9447,0,0,3810,3810,12.5673906,12.5673906,4.322006132,0.476234179,2.253994124,6.463462592
262,1,High,Mix,Spores,High Mix Spores,6,26,9,536,1925,0,11,4,0,0,4.34,17.56369227,932.7871,1130.09427,185410.8,186540.8942,0.006058158,15,2461,2476,12.13640577,12.13032918,7.030056333,1.467874348,2.865833832,6.838176986
263,1,Low,No,No,Low No No,7,26,9,476,922,84,0,0,0,0,1.76,9.689006741,682.4734,75.33961803,111653.3139,111653.3139,0,0,1482,1482,11.62315394,11.62315394,4.322006132,0.565313809,2.270991917,6.525723552
264,1,High,No,Spores,High No Spores,8,26,9,101,339,0,4,5,0,0,2.39,20.84783531,859.735,678.0565623,33149.43193,33827.4885,0.020044543,9,440,449,10.42902902,10.40878086,6.51923071,0.871293366,3.037250121,6.756624202
266,2,Low,No,Spores,Low No Spores,10,26,9,101,551,0,22,16,0,0,15.17,51.46500432,843.4816,2862.905485,49121.43096,51984.33644,0.055072464,38,652,690,10.85869773,10.80205069,7.959592292,2.719319793,3.940902049,6.737538088
267,2,High,Mix,Spores,High Mix Spores,11,26,9,1256,2487,4,92,62,0,0,4.04,39.3014513,NA,11602.30118,282297.5488,293899.8499,0.039477057,154,3747,3901,12.59099434,12.55071693,9.358958735,1.396244692,3.671261447,NA
268,2,Low,Mix,No,Low Mix No,12,26,9,358,1358,162,0,0,0,0,4.35,30.82896579,800.1754,75.33961803,141487.8027,141487.8027,0,0,1878,1878,11.85996879,11.85996879,4.322006132,1.470175845,3.428454696,6.684830954
269,2,High,No,Spores,High No Spores,13,26,9,580,1405,0,32,17,0,1,2.76,24.76566287,NA,3691.641284,149549.1418,153240.7831,0.024090462,49,1985,2034,11.93976571,11.91538033,8.21382643,1.01523068,3.209458132,NA
271,2,High,Mix,No,High Mix No,15,26,9,500,2033,0,0,0,0,1,5.44,30.68762628,825.6205,75.33961803,190835.2525,190835.2525,0,0,2533,2533,12.15916578,12.15916578,4.322006132,1.693779061,3.423859521,6.716135225
272,2,Low,Mix,Spores,Low Mix Spores,16,26,9,263,917,0,16,9,2,0,1.62,16.27208231,711.8989,2034.169687,88900.74928,90934.91896,0.022369511,27,1180,1207,11.41789935,11.39527585,7.617842998,0.482426149,2.789450898,6.567935907
273,3,Low,No,No,Low No No,17,26,9,155,755,0,0,0,0,0,9.21,21.46964653,735.4393,75.33961803,68559.05241,68559.05241,0,0,910,910,11.13545073,11.13545073,4.322006132,2.22028985,3.066640148,6.600468008
274,3,High,No,Spores,High No Spores,18,26,9,742,1634,0,23,8,0,0,2.5,18.53582979,914.926,2335.528159,179006.9324,181342.4606,0.012879103,31,2376,2407,12.10814257,12.09517981,7.755993337,0.916290732,2.919705604,6.818843188
275,3,Low,Mix,No,Low Mix No,19,26,9,1758,3590,0,0,0,0,9,2.62,21.99483595,760.1298,75.33961803,402916.2772,402916.2772,0,0,5348,5348,12.90648407,12.90648407,4.322006132,0.963174318,3.090807696,6.633489208
278,3,High,No,No,High No No,22,26,9,536,1417,0,0,0,0,0,13.45,37.71429847,1078.1216,75.33961803,147138.274,147138.274,0,0,1953,1953,11.89912806,11.89912806,4.322006132,2.598979106,3.630039292,6.982975547
279,3,Low,Mix,Spores,Low Mix Spores,23,26,9,334,1043,0,11,12,0,1,4.23,16.27208231,682.7317,1732.811215,103742.654,105475.4652,0.016428571,23,1377,1400,11.56623365,11.54966863,7.457500348,1.442201993,2.789450898,6.526101957
280,3,High,Mix,No,High Mix No,24,26,9,271,740,0,0,0,0,0,51.1,111.4219165,1449.6639,75.33961803,76168.35383,76168.35383,0,0,1011,1011,11.24070135,11.24070135,4.322006132,3.933784497,4.713324045,7.279087015
281,4,Low,No,Spores,Low No Spores,25,26,9,520,1104,1,21,21,0,0,2.4,12.75874621,NA,3164.263957,122426.8793,125591.1433,0.025194961,42,1625,1667,11.74078702,11.71526923,8.059675751,0.875468737,2.546217014,NA
282,4,High,No,No,High No No,26,26,9,1605,2082,0,0,0,0,0,2.02,22.68301518,873.2501,75.33961803,277777.1717,277777.1717,0,0,3687,3687,12.53457453,12.53457453,4.322006132,0.703097511,3.121616414,6.772221998
283,4,Low,Mix,No,Low Mix No,27,26,9,2507,4313,0,0,0,0,0,1.02,16.67050187,764.8648,75.33961803,513816.195,513816.195,0,0,6820,6820,13.14962088,13.14962088,4.322006132,0.019802627,2.813640802,6.639699086
284,4,High,Mix,Spores,High Mix Spores,28,26,9,816,2766,64,36,37,0,0,3.93,23.44363434,NA,5499.792116,274688.2473,280188.0395,0.019628933,73,3646,3719,12.54321623,12.52339209,8.612465573,1.368639426,3.154599001,NA
285,4,Low,No,No,Low No No,29,26,9,560,1692,0,0,0,0,0,1.58,9.879259414,664.8706,75.33961803,169664.8198,169664.8198,0,0,2252,2252,12.04158012,12.04158012,4.322006132,0.457424847,2.290437551,6.499592435
286,4,Low,Mix,Spores,Low Mix Spores,30,26,9,528,1383,3,26,20,0,0,6.36,30.99549594,853.9043333,3465.622429,144200.0289,147665.6513,0.023469388,46,1914,1960,11.90270588,11.8789567,8.150647529,1.850028377,3.433841902,6.749819166
287,4,High,No,Spores,High No Spores,31,26,9,276,1308,0,13,5,0,0,11.49,33.11436359,NA,1356.113125,119337.955,120694.0681,0.011235955,18,1584,1602,11.70101426,11.6897147,7.21237789,2.441477092,3.499967134,NA
288,4,High,Mix,No,High Mix No,32,26,9,312,1130,0,0,0,0,0,3.04,23.4798543,897.0649,75.33961803,108639.7292,108639.7292,0,0,1442,1442,11.59579245,11.59579245,4.322006132,1.111857515,3.15614279,6.799128212
289,1,Low,Mix,Spores,Low Mix Spores,1,29,10,55,949,136,111,145,0,0,2.27,17.56026077,690.6475,19286.94222,85887.16456,105174.1068,0.183381089,256,1140,1396,11.56337242,11.36078967,9.867183577,0.819779831,2.865638438,6.537629563
290,1,High,Mix,No,High Mix No,2,29,10,722,2410,0,0,0,0,0,16.43,62.10265798,1379.413959,75.33961803,235963.6837,235963.6837,0,0,3132,3132,12.37143319,12.37143319,4.322006132,2.799108932,4.12878879,7.229414021
292,1,High,No,No,High No No,4,29,10,461,1307,0,0,0,0,0,3.45,23.6164639,1332.8306,75.33961803,133200.4447,133200.4447,0,0,1768,1768,11.79961038,11.79961038,4.322006132,1.238374231,3.161944092,7.19506023
293,1,Low,Mix,No,Low Mix No,5,29,10,632,1868,0,0,0,0,0,3,9.550443723,757.6492,75.33961803,188349.0451,188349.0451,0,0,2500,2500,12.14605214,12.14605214,4.322006132,1.098612289,2.256587617,6.630220482
294,1,High,Mix,Spores,High Mix Spores,6,29,10,453,2462,164,73,107,0,0,6.06,45.8876625,1277.6276,13561.13125,231970.6839,245531.8152,0.055231666,180,3079,3259,12.41118181,12.35436628,9.514962983,1.8017098,3.82619629,7.1527602
295,1,Low,No,No,Low No No,7,29,10,926,1645,0,0,0,0,0,1.27,10.65157156,769.77,75.33961803,193698.158,193698.158,0,0,2571,2571,12.17405634,12.17405634,4.322006132,0.2390169,2.365707446,6.646091769
296,1,High,No,Spores,High No Spores,8,29,10,59,265,3,87,71,0,0,3.25,33.02933093,1293.7982,11903.65965,24636.0551,36539.71475,0.325773196,158,327,485,10.50615502,10.1119663,9.384601165,1.178654996,3.497395983,7.165337512
298,2,Low,No,Spores,Low No Spores,10,29,10,74,290,53,133,40,0,0,23.5,43.91628846,1241.755,13033.75392,31416.62072,44450.37464,0.293220339,173,417,590,10.70212867,10.35509235,9.475297727,3.157000421,3.782285287,7.124280981
299,2,High,Mix,Spores,High Mix Spores,11,29,10,355,1203,90,335,382,1,0,4.65,43.38348467,963.7028,54093.84575,124159.6905,178253.5363,0.303465765,718,1648,2366,12.09096218,11.72932384,10.8984757,1.53686722,3.770078831,6.870782948
300,2,Low,Mix,No,Low Mix No,12,29,10,226,279,0,0,0,0,0,6.84,19.08763164,800.072,75.33961803,38046.50711,38046.50711,0,0,505,505,10.54656456,10.54656456,4.322006132,1.922787732,2.949040567,6.684701724
301,2,High,No,Spores,High No Spores,13,29,10,108,540,29,83,96,1,1,2.05,25.55231768,1158.3228,13561.13125,51004.92141,64566.05265,0.210035006,180,677,857,11.07544405,10.83967741,9.514962983,0.717839793,3.240728024,7.054728376
303,2,High,Mix,No,High Mix No,15,29,10,1108,1666,1,0,0,0,0,8.59,37.20296065,1057.8556,75.33961803,209067.44,209067.44,0,0,2775,2775,12.25041216,12.25041216,4.322006132,2.150598736,3.616388345,6.963999119
304,2,Low,Mix,Spores,Low Mix Spores,16,29,10,346,1499,40,300,142,2,0,1.98,13.36887092,745.5284,33450.79041,142015.18,175465.9704,0.19063976,444,1885,2329,12.0752004,11.86368923,10.41783069,0.683096845,2.592928939,6.614093229
305,3,Low,No,No,Low No No,17,29,10,31,62,43,0,0,0,0,9.31,19.47835443,775.8304,75.33961803,10246.18805,10246.18805,0,0,136,136,9.234661018,9.234661018,4.322006132,2.231089091,2.96930382,6.65393394
306,3,High,No,Spores,High No Spores,18,29,10,238,966,5,62,58,0,0,2.25,37.25624103,NA,9040.754164,91085.5982,100126.3524,0.090293454,120,1209,1329,11.51418819,11.41955498,9.109497875,0.810930216,3.617819475,NA
307,3,Low,Mix,No,Low Mix No,19,29,10,803,1707,103,0,0,0,4,3.53,18.87451013,759.535,75.33961803,196862.4219,196862.4219,0,0,2613,2613,12.1902604,12.1902604,4.322006132,1.261297871,2.937812341,6.632706404
310,3,High,No,No,High No No,22,29,10,305,1151,131,0,0,0,0,4.22,23.20798099,1126.9268,75.33961803,119563.9738,119563.9738,0,0,1587,1587,11.69160685,11.69160685,4.322006132,1.439835128,3.144496228,7.027249561
311,3,Low,Mix,Spores,Low Mix Spores,23,29,10,136,374,74,86,25,0,0,19.27,61.03705039,1396.9324,8362.697602,43998.33693,52361.03453,0.15971223,111,584,695,10.86591798,10.69190712,9.031536334,2.958549482,4.111481063,7.242033969
312,3,High,Mix,No,High Mix No,24,29,10,1596,930,114,0,0,0,0,7.77,22.35861329,806.1324,75.33961803,198896.5916,198896.5916,0,0,2640,2640,12.20054033,12.20054033,4.322006132,2.050270164,3.107211629,6.692247997
313,4,Low,No,Spores,Low No Spores,25,29,10,32,439,101,20,32,0,0,1.65,7.960948667,721.2868,3917.660138,43094.26151,47011.92165,0.083333333,52,572,624,10.7581565,10.67114512,8.273249851,0.500775288,2.074548172,6.581036839
314,4,High,No,No,High No No,26,29,10,382,873,122,0,0,0,0,4.11,18.61989389,1053.6032,75.33961803,103742.654,103742.654,0,0,1377,1377,11.54966863,11.54966863,4.322006132,1.413423029,2.924230573,6.959971188
315,4,Low,Mix,No,Low Mix No,27,29,10,1348,1336,57,0,0,0,0,1.59,9.776384531,805.1553747,75.33961803,206505.893,206505.893,0,0,2741,2741,12.23808423,12.23808423,4.322006132,0.463734016,2.279969736,6.691035271
316,4,High,Mix,Spores,High Mix Spores,28,29,10,406,1213,205,230,126,0,0,2.66,29.56643291,1214.8356,26820.90402,137419.4633,164240.3673,0.163302752,356,1824,2180,12.00908629,11.8307933,10.19693686,0.978326123,3.386639695,7.102364038
317,4,Low,No,No,Low No No,29,29,10,274,402,31,0,0,0,0,2.3,17.7750871,717.784,75.33961803,53265.10995,53265.10995,0,0,707,707,10.8830368,10.8830368,4.322006132,0.832909123,2.877797876,6.576168688
318,4,Low,Mix,Spores,Low Mix Spores,30,29,10,389,986,117,72,83,0,0,2.41,37.97855157,800.072,11677.64079,112406.7101,124084.3509,0.094110504,155,1492,1647,11.72871686,11.62987891,9.365431249,0.879626748,3.637021568,6.684701724
319,4,High,No,Spores,High No Spores,31,29,10,80,493,37,135,151,0,0,24.43,89.81733406,1464.2864,21547.13076,45957.167,67504.29776,0.319196429,286,610,896,11.11994655,10.73546509,9.977997943,3.195811885,4.497777986,7.289123304
320,4,High,Mix,No,High Mix No,32,29,10,198,591,2,0,0,0,0,2.87,21.78342569,NA,75.33961803,59593.63786,59593.63786,0,0,791,791,10.9953041,10.9953041,4.322006132,1.05431203,3.081149391,NA
321,1,Low,Mix,Spores,Low Mix Spores,1,31,11,NA,NA,NA,NA,NA,NA,NA,NA,NA,NA,NA,NA,NA,NA,NA,NA,NA,NA,NA,NA,NA,NA,NA
322,1,High,Mix,No,High Mix No,2,31,11,NA,NA,NA,NA,NA,NA,NA,NA,NA,NA,NA,NA,NA,NA,NA,NA,NA,NA,NA,NA,NA,NA,NA
324,1,High,No,No,High No No,4,31,11,NA,NA,NA,NA,NA,NA,NA,NA,NA,NA,NA,NA,NA,NA,NA,NA,NA,NA,NA,NA,NA,NA,NA
325,1,Low,Mix,No,Low Mix No,5,31,11,NA,NA,NA,NA,NA,NA,NA,NA,NA,NA,NA,NA,NA,NA,NA,NA,NA,NA,NA,NA,NA,NA,NA
326,1,High,Mix,Spores,High Mix Spores,6,31,11,NA,NA,NA,NA,NA,NA,NA,NA,NA,NA,NA,NA,NA,NA,NA,NA,NA,NA,NA,NA,NA,NA,NA
327,1,Low,No,No,Low No No,7,31,11,NA,NA,NA,NA,NA,NA,NA,NA,NA,NA,NA,NA,NA,NA,NA,NA,NA,NA,NA,NA,NA,NA,NA
328,1,High,No,Spores,High No Spores,8,31,11,NA,NA,NA,NA,NA,NA,NA,NA,NA,NA,NA,NA,NA,NA,NA,NA,NA,NA,NA,NA,NA,NA,NA
330,2,Low,No,Spores,Low No Spores,10,31,11,NA,NA,NA,NA,NA,NA,NA,NA,NA,NA,NA,NA,NA,NA,NA,NA,NA,NA,NA,NA,NA,NA,NA
331,2,High,Mix,Spores,High Mix Spores,11,31,11,NA,NA,NA,NA,NA,NA,NA,NA,NA,NA,NA,NA,NA,NA,NA,NA,NA,NA,NA,NA,NA,NA,NA
332,2,Low,Mix,No,Low Mix No,12,31,11,NA,NA,NA,NA,NA,NA,NA,NA,NA,NA,NA,NA,NA,NA,NA,NA,NA,NA,NA,NA,NA,NA,NA
333,2,High,No,Spores,High No Spores,13,31,11,NA,NA,NA,NA,NA,NA,NA,NA,NA,NA,NA,NA,NA,NA,NA,NA,NA,NA,NA,NA,NA,NA,NA
335,2,High,Mix,No,High Mix No,15,31,11,NA,NA,NA,NA,NA,NA,NA,NA,NA,NA,NA,NA,NA,NA,NA,NA,NA,NA,NA,NA,NA,NA,NA
336,2,Low,Mix,Spores,Low Mix Spores,16,31,11,NA,NA,NA,NA,NA,NA,NA,NA,NA,NA,NA,NA,NA,NA,NA,NA,NA,NA,NA,NA,NA,NA,NA
337,3,Low,No,No,Low No No,17,31,11,NA,NA,NA,NA,NA,NA,NA,NA,NA,NA,NA,NA,NA,NA,NA,NA,NA,NA,NA,NA,NA,NA,NA
338,3,High,No,Spores,High No Spores,18,31,11,NA,NA,NA,NA,NA,NA,NA,NA,NA,NA,NA,NA,NA,NA,NA,NA,NA,NA,NA,NA,NA,NA,NA
339,3,Low,Mix,No,Low Mix No,19,31,11,NA,NA,NA,NA,NA,NA,NA,NA,NA,NA,NA,NA,NA,NA,NA,NA,NA,NA,NA,NA,NA,NA,NA
342,3,High,No,No,High No No,22,31,11,NA,NA,NA,NA,NA,NA,NA,NA,NA,NA,NA,NA,NA,NA,NA,NA,NA,NA,NA,NA,NA,NA,NA
343,3,Low,Mix,Spores,Low Mix Spores,23,31,11,NA,NA,NA,NA,NA,NA,NA,NA,NA,NA,NA,NA,NA,NA,NA,NA,NA,NA,NA,NA,NA,NA,NA
344,3,High,Mix,No,High Mix No,24,31,11,NA,NA,NA,NA,NA,NA,NA,NA,NA,NA,NA,NA,NA,NA,NA,NA,NA,NA,NA,NA,NA,NA,NA
345,4,Low,No,Spores,Low No Spores,25,31,11,NA,NA,NA,NA,NA,NA,NA,NA,NA,NA,NA,NA,NA,NA,NA,NA,NA,NA,NA,NA,NA,NA,NA
346,4,High,No,No,High No No,26,31,11,NA,NA,NA,NA,NA,NA,NA,NA,NA,NA,NA,NA,NA,NA,NA,NA,NA,NA,NA,NA,NA,NA,NA
347,4,Low,Mix,No,Low Mix No,27,31,11,NA,NA,NA,NA,NA,NA,NA,NA,NA,NA,NA,NA,NA,NA,NA,NA,NA,NA,NA,NA,NA,NA,NA
348,4,High,Mix,Spores,High Mix Spores,28,31,11,NA,NA,NA,NA,NA,NA,NA,NA,NA,NA,NA,NA,NA,NA,NA,NA,NA,NA,NA,NA,NA,NA,NA
349,4,Low,No,No,Low No No,29,31,11,NA,NA,NA,NA,NA,NA,NA,NA,NA,NA,NA,NA,NA,NA,NA,NA,NA,NA,NA,NA,NA,NA,NA
350,4,Low,Mix,Spores,Low Mix Spores,30,31,11,NA,NA,NA,NA,NA,NA,NA,NA,NA,NA,NA,NA,NA,NA,NA,NA,NA,NA,NA,NA,NA,NA,NA
351,4,High,No,Spores,High No Spores,31,31,11,NA,NA,NA,NA,NA,NA,NA,NA,NA,NA,NA,NA,NA,NA,NA,NA,NA,NA,NA,NA,NA,NA,NA
352,4,High,Mix,No,High Mix No,32,31,11,NA,NA,NA,NA,NA,NA,NA,NA,NA,NA,NA,NA,NA,NA,NA,NA,NA,NA,NA,NA,NA,NA,NA
353,1,Low,Mix,Spores,Low Mix Spores,1,32,12,102,906,458,491,257,4,0,4.09,12.2335568,777.9909,56655.39276,110447.88,167103.2728,0.339044184,752,1466,2218,12.0263673,11.61229901,10.94474246,1.40854497,2.504182733,6.656714827
354,1,High,Mix,No,High Mix No,2,32,12,1175,3018,233,0,0,0,0,6.14,40.01426592,1384.6016,75.33961803,333453.1494,333453.1494,0,0,4426,4426,12.71725765,12.71725765,4.322006132,1.814824742,3.689236039,7.233167724
356,1,High,No,No,High No No,4,32,12,1011,1228,228,0,0,0,0,3.34,37.71429847,1488.9602,75.33961803,185862.8377,185862.8377,0,0,2467,2467,12.13276425,12.13276425,4.322006132,1.205970807,3.630039292,7.305833303
357,1,Low,Mix,No,Low Mix No,5,32,12,695,1286,385,0,0,0,0,4.34,11.85324722,947.41,75.33961803,178253.5363,178253.5363,0,0,2366,2366,12.09096218,12.09096218,4.322006132,1.467874348,2.472601857,6.853731946
358,1,High,Mix,Spores,High Mix Spores,6,32,12,302,1898,269,593,974,3,0,2.94,27.77191953,1232.2632,118283.2003,186013.5169,304296.7172,0.388710077,1570,2469,4039,12.62575855,12.13357462,11.68083703,1.078409581,3.324025421,7.116607758
359,1,Low,No,No,Low No No,7,32,12,834,915,553,0,0,0,0,2.15,17.78857315,878.5225,75.33961803,173431.8007,173431.8007,0,0,2302,2302,12.06353972,12.06353972,4.322006132,0.765467842,2.878556293,6.778241519
360,1,High,No,Spores,High No Spores,8,32,12,162,367,306,242,147,6,0,1.75,28.87159331,1364.0212,29759.14912,62908.58106,92667.73018,0.321138211,395,835,1230,11.43677558,11.04943786,10.3008919,0.559615788,3.362858181,7.218192381
362,2,Low,No,Spores,Low No Spores,10,32,12,30,260,56,55,44,5,1,22.79,64.69106772,1358.8522,7835.320275,26067.50784,33902.82811,0.231111111,104,346,450,10.43125372,10.16844491,8.966397031,3.126321843,4.169623135,7.214395652
363,2,High,Mix,Spores,High Mix Spores,11,32,12,175,814,75,306,97,0,2,6.62,38.86596755,1183.2064,30361.86607,80161.35359,110523.2197,0.274710293,403,1064,1467,11.61298091,11.2917968,10.32094269,1.89009537,3.660118998,7.07598332
364,2,Low,Mix,No,Low Mix No,12,32,12,726,633,247,0,0,0,0,10.36,26.11973837,NA,75.33961803,120995.4266,120995.4266,0,0,1606,1606,11.70350803,11.70350803,4.322006132,2.337952237,3.262691288,NA
365,2,High,No,Spores,High No Spores,13,32,12,402,1654,521,410,478,3,2,1.92,24.44140926,1245.439,67127.59967,194150.1957,261277.7953,0.256920415,891,2577,3468,12.47333947,12.17638734,11.11435056,0.652325186,3.196278795,7.127243357
367,2,High,Mix,No,High Mix No,15,32,12,1143,1514,642,0,0,0,0,12.26,34.90450605,NA,75.33961803,248545.3999,248545.3999,0,0,3299,3299,12.4233808,12.4233808,4.322006132,2.506341931,3.552615934,NA
368,2,Low,Mix,Spores,Low Mix Spores,16,32,12,93,416,106,144,45,0,0,3.31,16.97208872,848.53797,14239.18781,46333.86509,60573.0529,0.235074627,189,615,804,11.0116054,10.7436284,9.563753147,1.196948189,2.831570155,6.743514833
369,3,Low,No,No,Low No No,17,32,12,98,270,15,0,0,0,2,9.19,24.24484819,741.3244,75.33961803,28855.07371,28855.07371,0,0,383,383,10.27004112,10.27004112,4.322006132,2.218115936,3.188204149,6.608438316
370,3,High,No,Spores,High No Spores,18,32,12,1221,1406,118,520,291,0,0,2.6,28.78087281,1243.6208,61100.43022,206807.2515,267907.6817,0.228065242,811,2745,3556,12.49839773,12.23954249,11.02027419,0.955511445,3.359711028,7.125782404
371,3,Low,Mix,No,Low Mix No,19,32,12,668,1222,58,0,0,0,0,5.66,35.13130728,953.188,75.33961803,146761.5759,146761.5759,0,0,1948,1948,11.89656462,11.89656462,4.322006132,1.733423892,3.559092678,6.859812156
374,3,High,No,No,High No No,22,32,12,972,1696,144,0,0,0,0,10.37,54.78169309,1482.6034,75.33961803,211855.0059,211855.0059,0,0,2812,2812,12.26365739,12.26365739,4.322006132,2.338917022,4.00335607,7.301554875
375,3,Low,Mix,Spores,Low Mix Spores,23,32,12,106,378,169,215,114,3,0,9.97,41.70854298,1033.5822,25012.75319,49196.77057,74209.52376,0.337055838,332,653,985,11.21464777,10.80358326,10.1271411,2.299580584,3.730705975,6.940785912
376,3,High,Mix,No,High Mix No,24,32,12,1050,1001,32,0,0,0,1,30.44,96.46892286,1450.886593,75.33961803,156932.4244,156932.4244,0,0,2083,2083,11.96357057,11.96357057,4.322006132,3.415757533,4.569220914,7.279930092
377,4,Low,No,Spores,Low No Spores,25,32,12,412,334,215,330,89,2,0,2.87,13.88759198,825.6205,31717.97919,72401.37293,104119.3521,0.30463097,421,961,1382,11.55329314,11.18998054,10.36463897,1.05431203,2.630995778,6.716135225
378,4,High,No,No,High No No,26,32,12,901,1614,22,0,0,0,0,1.51,27.3595851,1604.5526,75.33961803,191136.6109,191136.6109,0,0,2537,2537,12.16074369,12.16074369,4.322006132,0.412109651,3.309066928,7.380600243
379,4,Low,Mix,No,Low Mix No,27,32,12,1534,2324,24,0,0,0,0,1.94,20.64626866,909.835,75.33961803,292468.3972,292468.3972,0,0,3882,3882,12.5861119,12.5861119,4.322006132,0.662687973,3.027534609,6.813263264
380,4,High,Mix,Spores,High Mix Spores,28,32,12,109,863,381,319,268,5,0,1.98,29.86951872,1219.0874,44601.05387,101934.5032,146535.5571,0.30437018,592,1353,1945,11.89502339,11.53208576,10.70551277,0.683096845,3.39683852,7.105857825
381,4,Low,No,No,Low No No,29,32,12,917,1190,48,0,0,0,0,2.02,16.63944692,822.16,75.33961803,162356.8769,162356.8769,0,0,2155,2155,11.99755213,11.99755213,4.322006132,0.703097511,2.811776197,6.711935023
382,4,Low,Mix,Spores,Low Mix Spores,30,32,12,338,1279,239,485,299,1,0,1.7,14.90063748,872.26,59141.60015,139830.3311,198971.9312,0.297235895,785,1856,2641,12.20091904,11.84818505,10.98768985,0.530628251,2.701403996,6.771087545
383,4,High,No,Spores,High No Spores,31,32,12,41,176,61,89,96,0,0,13.49,42.7064684,1107.198545,13937.82934,20944.41381,34882.24315,0.399568035,185,278,463,10.45973319,9.949627246,9.542361957,2.60194867,3.754350394,7.009588271
384,4,High,Mix,No,High Mix No,32,32,12,755,1197,0,0,0,0,0,2.58,26.86062239,NA,75.33961803,147062.9344,147062.9344,0,0,1952,1952,11.8986159,11.8986159,4.322006132,0.947789399,3.290661362,NA
385,1,Low,Mix,Spores,Low Mix Spores,1,35,13,13,462,364,101,96,9,0,6.98,12.79611943,811.9456,15519.96131,63209.93953,78729.90084,0.197129187,206,839,1045,11.2737783,11.05421684,9.649882301,1.943048917,2.549141955,6.699433343
386,1,High,Mix,No,High Mix No,2,35,13,1036,1291,496,0,0,0,0,2.7,26.79834258,1482.6752,75.33961803,212683.7417,212683.7417,0,0,2823,2823,12.26756156,12.26756156,4.322006132,0.993251773,3.288340042,7.301603303
388,1,High,No,No,High No No,4,35,13,366,444,146,0,0,0,0,2.11,37.99652618,1654.8178,75.33961803,72024.67484,72024.67484,0,0,956,956,11.18476405,11.18476405,4.322006132,0.746687947,3.637494739,7.411446191
389,1,Low,Mix,No,Low Mix No,5,35,13,624,1078,496,0,0,0,0,2.21,12.47257641,829.6009,75.33961803,165596.4804,165596.4804,0,0,2198,2198,12.01730927,12.01730927,4.322006132,0.792992516,2.523532347,6.720944742
390,1,High,Mix,Spores,High Mix Spores,6,35,13,240,1136,165,444,689,3,0,15.95,35.33628353,1335.5648,85585.80608,116098.3514,201684.1575,0.424355622,1136,1541,2677,12.21445818,11.66219297,11.35727473,2.769458829,3.564910298,7.197109553
391,1,Low,No,No,Low No No,7,35,13,453,793,548,0,0,0,0,2.32,11.26827737,NA,75.33961803,135159.2747,135159.2747,0,0,1794,1794,11.81420917,11.81420917,4.322006132,0.841567186,2.421991465,NA
392,1,High,No,Spores,High No Spores,8,35,13,63,314,150,336,160,9,0,2.27,25.61201816,1347.824,38046.50711,39703.9787,77750.48581,0.489341085,505,527,1032,11.26126008,10.58920668,10.54656456,0.819779831,3.243061701,7.206246719
394,2,Low,No,Spores,Low No Spores,10,35,13,33,334,26,61,90,6,0,44.52,94.29301258,1415.2496,11828.32003,29608.46989,41436.78992,0.285454545,157,393,550,10.63192441,10.29581574,9.378251938,3.795938526,4.546407089,7.25506119
395,2,High,Mix,Spores,High Mix Spores,11,35,13,58,672,310,218,268,10,0,16.28,44.68308204,1249.7504,37368.45054,78353.20275,115721.6533,0.322916667,496,1040,1536,11.65894305,11.26898212,10.52858206,2.789937361,3.799594952,7.13069913
396,2,Low,Mix,No,Low Mix No,12,35,13,168,197,209,0,0,0,0,26.76,20.43532975,788.4052,75.33961803,43244.94075,43244.94075,0,0,574,574,10.67463553,10.67463553,4.322006132,3.286908235,3.017265253,6.670012171
397,2,High,No,Spores,High No Spores,13,35,13,180,715,235,300,152,1,0,2.28,32.35249785,1472.2828,34128.84697,85133.76838,119262.6153,0.286165509,453,1130,1583,11.68908319,11.35197904,10.43789826,0.824175443,3.476691231,7.2945694
399,2,High,Mix,No,High Mix No,15,35,13,345,444,483,0,0,0,1,49.38,34.81501977,970.60546,75.33961803,95831.99414,95831.99414,0,0,1272,1272,11.47035188,11.47035188,4.322006132,3.899545484,3.550048896,6.877920062
400,2,Low,Mix,Spores,Low Mix Spores,16,35,13,36,908,332,127,180,10,0,8.04,12.09480015,842.4948,23882.65892,96133.35261,120016.0115,0.198995606,317,1276,1593,11.69538044,11.4734916,10.08090791,2.084429083,2.492775621,6.73636749
401,3,Low,No,No,Low No No,17,35,13,189,276,243,0,0,0,2,33.9,26.72317217,NA,75.33961803,53340.44957,53340.44957,0,0,708,708,10.88445023,10.88445023,4.322006132,3.523415014,3.285531061,NA
402,3,High,No,Spores,High No Spores,18,35,13,395,527,224,248,121,0,0,2.99,24.3000676,1321.582,27800.31905,86339.20226,114139.5213,0.243564356,369,1146,1515,11.64517685,11.36603903,10.23280278,1.095273387,3.190479132,7.186584783
403,3,Low,Mix,No,Low Mix No,19,35,13,630,763,201,0,0,0,6,14.64,28.66165582,872.7968,75.33961803,120091.3511,120091.3511,0,0,1594,1594,11.69600799,11.69600799,4.322006132,2.683757509,3.355560195,6.771702768
406,3,High,No,No,High No No,22,35,13,885,1007,432,0,0,0,1,2.85,43.95413798,1339.336,75.33961803,175089.2723,175089.2723,0,0,2324,2324,12.07305125,12.07305125,4.322006132,1.047318994,3.783146772,7.199929248
407,3,Low,Mix,Spores,Low Mix Spores,23,35,13,42,191,165,90,43,15,0,38.21,25.86162388,859.735,11150.26347,29985.16798,41135.43145,0.271062271,148,398,546,10.62462511,10.30845814,9.319218406,3.643097261,3.252760166,6.756624202
408,3,High,Mix,No,High Mix No,24,35,13,261,408,180,0,0,0,0,61.55,99.45220703,1745.4986,75.33961803,63963.33571,63963.33571,0,0,849,849,11.06606532,11.06606532,4.322006132,4.119849853,4.599677197,7.464795524
409,4,Low,No,Spores,Low No Spores,25,35,13,48,360,275,94,106,0,0,6.37,13.36917366,836.4344,15067.92361,51456.95912,66524.88272,0.226500566,200,683,883,11.10533133,10.84850099,9.620323499,1.85159947,2.592951584,6.729148095
410,4,High,No,No,High No No,26,35,13,832,1095,488,0,0,0,0,3.69,44.9951755,NA,75.33961803,181945.1775,181945.1775,0,0,2415,2415,12.1114607,12.1114607,4.322006132,1.305626458,3.806555273,NA
411,4,Low,Mix,No,Low Mix No,27,35,13,1243,1423,263,0,0,0,0,4.93,17.87435327,NA,75.33961803,220669.7412,220669.7412,0,0,2929,2929,12.30442248,12.30442248,4.322006132,1.595338988,2.883366907,NA
412,4,High,Mix,Spores,High Mix Spores,28,35,13,104,937,425,442,458,6,0,2.22,28.69755367,NA,68257.69394,110447.88,178705.574,0.381956155,906,1466,2372,12.09349489,11.61229901,11.13104544,0.797507196,3.356811881,NA
413,4,Low,No,No,Low No No,29,35,13,1249,871,627,0,0,0,0,4.13,13.04609305,847.2562,75.33961803,206957.9307,206957.9307,0,0,2747,2747,12.24027082,12.24027082,4.322006132,1.418277407,2.568488706,6.742003128
414,4,Low,Mix,Spores,Low Mix Spores,30,35,13,301,957,353,464,337,5,0,8.41,9.65374666,NA,60723.73213,121372.1246,182095.8568,0.333471245,806,1611,2417,12.11228851,11.70661652,11.01408987,2.129421474,2.267346095,NA
415,4,High,No,Spores,High No Spores,31,35,13,93,178,181,78,72,1,0,29.97,50.95421784,1323.3056,11376.28232,34053.50735,45429.78967,0.250414594,151,452,603,10.72392333,10.43568831,9.339285969,3.400196881,3.93092754,7.187888128
416,4,High,Mix,No,High Mix No,32,35,13,1409,658,382,0,0,0,0,3.64,31.98220652,NA,75.33961803,184506.7246,184506.7246,0,0,2449,2449,12.12544119,12.12544119,4.322006132,1.291983682,3.465179702,NA
417,1,Low,Mix,Spores,Low Mix Spores,1,40,14,5,129,195,5,14,5,0,6.12,12.78575438,788.4052,1808.150833,24786.73433,26594.88517,0.067988669,24,329,353,10.18847419,10.11806388,7.500059963,1.811562097,2.548331612,6.670012171
418,1,High,Mix,No,High Mix No,2,40,14,752,1020,431,0,0,0,0,2.98,31.26973415,1390.7312,75.33961803,165973.1785,165973.1785,0,0,2203,2203,12.01958148,12.01958148,4.322006132,1.091923301,3.44265067,7.237584931
420,1,High,No,No,High No No,4,40,14,449,492,467,0,0,0,0,1.29,33.01282065,1452.0272,75.33961803,106078.1822,106078.1822,0,0,1408,1408,11.57193167,11.57193167,4.322006132,0.254642218,3.496895991,7.280715928
421,1,Low,Mix,No,Low Mix No,5,40,14,1052,863,441,0,0,0,0,5.33,10.95188212,753.0946,75.33961803,177500.1401,177500.1401,0,0,2356,2356,12.08672668,12.08672668,4.322006132,1.673351238,2.393511325,6.624190851
422,1,High,Mix,Spores,High Mix Spores,6,40,14,1197,449,169,322,160,1,0,9.46,23.18980193,1284.9664,36389.03551,136741.4067,173130.4422,0.210182768,483,1815,2298,12.06180059,11.82584688,10.50202279,2.247072383,3.14371261,7.158487849
423,1,Low,No,No,Low No No,7,40,14,631,393,258,0,0,0,0,1.18,10.57058195,861.3427,75.33961803,96585.39032,96585.39032,0,0,1282,1282,11.47818277,11.47818277,4.322006132,0.165514438,2.358074855,6.758492451
424,1,High,No,Spores,High No Spores,8,40,14,39,420,374,136,148,14,0,2.9,27.14806086,1344.2575,22451.20617,62757.90182,85209.10799,0.263483643,298,833,1131,11.35286361,11.04703977,10.01909962,1.064710737,3.301305621,7.203597095
426,2,Low,No,Spores,Low No Spores,10,40,14,88,106,0,17,11,9,0,38.88,38.49101954,1324.264785,2787.565867,14615.8859,17403.45177,0.16017316,37,194,231,9.764423843,9.589864291,7.932924045,3.66047998,3.650424955,7.188612705
427,2,High,Mix,Spores,High Mix Spores,11,40,14,93,217,151,38,77,17,3,16.12,48.62797056,1323.3056,9944.82958,34731.56391,44676.39349,0.222596965,132,461,593,10.70720053,10.45540418,9.204808055,2.780060737,3.884198891,7.187888128
428,2,Low,Mix,No,Low Mix No,12,40,14,25,24,51,0,0,0,1,20.31,29.32691899,776.635,75.33961803,7533.961803,7533.961803,0,0,100,100,8.927176318,8.927176318,4.322006132,3.011113376,3.378505831,6.654970485
429,2,High,No,Spores,High No Spores,13,40,14,55,511,525,48,95,4,2,1.02,25.40497436,1353.9536,11074.92385,82195.52327,93270.44712,0.118739903,147,1091,1238,11.44325859,11.31685612,9.312438719,0.019802627,3.234944996,7.210784184
431,2,High,Mix,No,High Mix No,15,40,14,618,468,529,0,0,0,2,12.93,27.46054059,823.7158,75.33961803,121673.4831,121673.4831,0,0,1615,1615,11.70909637,11.70909637,4.322006132,2.559550193,3.312750087,6.713825568
432,2,Low,Mix,Spores,Low Mix Spores,16,40,14,32,407,352,50,149,45,0,8.12,20.48438643,894.337,18382.8668,59593.63786,77976.50466,0.235748792,244,791,1035,11.26416284,10.9953041,9.819174358,2.094330154,3.019662958,6.796082662
433,3,Low,No,No,Low No No,17,40,14,86,197,0,0,0,0,0,37.06,111.073964,1756.9436,75.33961803,21321.1119,21321.1119,0,0,283,283,9.96745303,9.96745303,4.322006132,3.612538221,4.710196322,7.471330988
434,3,High,No,Spores,High No Spores,18,40,14,87,414,368,106,57,2,0,4.24,27.8017183,1370.6091,12431.03698,65470.12807,77901.16504,0.159574468,165,869,1034,11.26319619,11.08934926,9.427951606,1.444563269,3.325097828,7.223010519
435,3,Low,Mix,No,Low Mix No,19,40,14,363,393,0,0,0,0,3,5.84,94.1929307,867.2964,75.33961803,56956.75123,56956.75123,0,0,756,756,10.95004751,10.95004751,4.322006132,1.764730797,4.545345133,6.765380787
438,3,High,No,No,High No No,22,40,14,825,1220,912,0,0,0,0,4.15,26.21057187,1749.6489,75.33961803,222779.2505,222779.2505,0,0,2957,2957,12.31393665,12.31393665,4.322006132,1.423108334,3.266162836,7.467170418
439,3,Low,Mix,Spores,Low Mix Spores,23,40,14,8,22,30,5,5,1,3,11.26,14.99320773,766.0835,828.7357983,4520.377082,5349.11288,0.154929577,11,60,71,8.584686009,8.416350695,6.719901405,2.421256623,2.707597281,6.641291172
440,3,High,Mix,No,High Mix No,24,40,14,145,80,93,0,0,0,0,47.55,138.0538926,1873.6588,75.33961803,23957.99853,23957.99853,0,0,318,318,10.08405752,10.08405752,4.322006132,3.861781789,4.927644135,7.535648376
441,4,Low,No,Spores,Low No Spores,25,40,14,24,225,200,15,43,7,4,3.38,15.30959838,794.2903,4897.075172,33827.4885,38724.56367,0.126459144,65,449,514,10.5642294,10.42902902,8.496393402,1.217875709,2.728479977,6.677449012
442,4,High,No,No,High No No,26,40,14,723,727,534,0,0,0,0,1.47,21.84617276,1278.3785,75.33961803,149473.8022,149473.8022,0,0,1984,1984,11.91487642,11.91487642,4.322006132,0.385262401,3.084025746,7.153347757
443,4,Low,Mix,No,Low Mix No,27,40,14,1414,762,750,0,0,0,0,18.27,45.12612709,1167.638208,75.33961803,220443.7224,220443.7224,0,0,2926,2926,12.30339771,12.30339771,4.322006132,2.90526037,3.809461393,7.062738362
444,4,High,Mix,Spores,High Mix Spores,28,40,14,33,389,234,87,111,8,0,8.05,39.83990945,1378.472,15519.96131,49422.78943,64942.75074,0.238979118,206,656,862,11.0812614,10.80816692,9.649882301,2.085672091,3.68486916,7.228730918
445,4,Low,No,No,Low No No,29,40,14,451,323,268,0,0,0,0,1.51,24.04774676,914.926,75.33961803,78503.88199,78503.88199,0,0,1042,1042,11.27090335,11.27090335,4.322006132,0.412109651,3.180041302,6.818843188
446,4,Low,Mix,Spores,Low Mix Spores,30,40,14,200,635,457,193,124,3,0,9.6,26.9483322,1139.4176,24108.67777,97338.7865,121447.4643,0.198511166,320,1292,1612,11.70723706,11.48595282,10.09032713,2.261763098,3.29392141,7.038272534
447,4,High,No,Spores,High No Spores,31,40,14,97,239,127,12,4,0,0,33.99,162.19432,1666.763344,1205.433889,34882.24315,36087.67704,0.033402923,16,463,479,10.49370673,10.45973319,7.094594855,3.526066364,5.088795123,7.418638907
448,4,High,Mix,No,High Mix No,32,40,14,1308,857,830,0,0,0,0,2.11,24.76947408,1133.4447,75.33961803,225642.156,225642.156,0,0,2995,2995,12.32670564,12.32670564,4.322006132,0.746687947,3.209612011,7.033016682
449,1,Low,Mix,Spores,Low Mix Spores,1,43,15,5,25,30,4,6,1,0,3.21,11.98377241,818.2532,828.7357983,4520.377082,5349.11288,0.154929577,11,60,71,8.584686009,8.416350695,6.719901405,1.166270937,2.483553435,6.707171824
450,1,High,Mix,No,High Mix No,2,43,15,915,738,377,0,0,0,0,1.43,21.80727131,1371.8156,75.33961803,152939.4246,152939.4246,0,0,2030,2030,11.9377972,11.9377972,4.322006132,0.357674444,3.082243461,7.223890397
452,1,High,No,No,High No No,4,43,15,63,194,217,0,0,0,0,1.04,25.75822151,1466.0036,75.33961803,35710.97895,35710.97895,0,0,474,474,10.48321345,10.48321345,4.322006132,0.039220713,3.248753858,7.290295338
453,1,Low,Mix,No,Low Mix No,5,43,15,94,232,248,0,0,0,0,2.25,8.266287445,794.0116,75.33961803,43244.94075,43244.94075,0,0,574,574,10.67463553,10.67463553,4.322006132,0.810930216,2.11218549,6.677098071
454,1,High,Mix,Spores,High Mix Spores,6,43,15,37,87,102,25,7,1,0,2.79,20.90932808,1321.582,2486.207395,17026.75368,19512.96107,0.127413127,33,226,259,9.878834194,9.742541132,7.818513694,1.026041596,3.040195379,7.186584783
455,1,Low,No,No,Low No No,7,43,15,359,618,179,0,0,0,0,1.38,13.94128864,878.8572,75.33961803,87092.59844,87092.59844,0,0,1156,1156,11.37472718,11.37472718,4.322006132,0.322083499,2.634854843,6.778622427
456,1,High,No,Spores,High No Spores,8,43,15,3,72,60,7,22,2,0,2.18,21.80727131,1390.6532,2335.528159,10170.84843,12506.37659,0.186746988,31,135,166,9.433993921,9.227280911,7.755993337,0.779324877,3.082243461,7.237528844
458,2,Low,No,Spores,Low No Spores,10,43,15,85,55,74,13,0,1,0,61.54,102.4066554,2121.9086,1054.754652,16122.67826,17177.43291,0.061403509,14,214,228,9.751351761,9.687982147,6.961063462,4.11968737,4.628951705,7.660071246
459,2,High,Mix,Spores,High Mix Spores,11,43,15,1191,135,157,96,33,13,1,14.55,50.91859074,1447.166,10698.22576,111728.6535,122426.8793,0.087384615,142,1483,1625,11.71526923,11.62382847,9.27783319,2.677590994,3.930228097,7.27736244
460,2,Low,Mix,No,Low Mix No,12,43,15,23,4,1,0,0,0,0,8.21,18.08978635,715.2264,75.33961803,2109.509305,2109.509305,0,0,28,28,7.654210642,7.654210642,4.322006132,2.105352923,2.895347489,6.572599136
461,2,High,No,Spores,High No Spores,13,43,15,18,167,233,8,18,7,0,2.1,22.95663864,1491.1204,2486.207395,31491.96034,33978.16773,0.073170732,33,418,451,10.43347347,10.35748756,7.818513694,0.741937345,3.13360716,7.307283063
463,2,High,Mix,No,High Mix No,15,43,15,754,568,25,0,0,0,0,5.95,19.328948,797.11,75.33961803,101482.4655,101482.4655,0,0,1347,1347,11.52764131,11.52764131,4.322006132,1.78339122,2.961603869,6.680992687
464,2,Low,Mix,Spores,Low Mix Spores,16,43,15,51,96,72,15,24,21,0,18.31,43.66320946,1415.77,4520.377082,16499.37635,21019.75343,0.215053763,60,219,279,9.953217914,9.711077862,8.416350695,2.907447359,3.776505859,7.255428832
465,3,Low,No,No,Low No No,17,43,15,132,36,75,0,0,0,0,16.36,55.06708845,1396.9607,75.33961803,18307.52718,18307.52718,0,0,243,243,9.815067576,9.815067576,4.322006132,2.794839331,4.008552232,7.242054227
466,3,High,No,Spores,High No Spores,18,43,15,60,137,183,16,11,0,0,12.59,60.99351375,1672.8206,2034.169687,28629.05485,30663.22454,0.066339066,27,380,407,10.33081932,10.26217739,7.617842998,2.532902848,4.110767527,7.422266463
467,3,Low,Mix,No,Low Mix No,19,43,15,430,106,98,0,0,0,3,15.61,85.48940498,1179.56,75.33961803,47765.31783,47765.31783,0,0,634,634,10.77405509,10.77405509,4.322006132,2.747911735,4.44839245,7.072896767
470,3,High,No,No,High No No,22,43,15,461,598,327,0,0,0,1,46.5,245.5018129,3073.260984,75.33961803,104420.7106,104420.7106,0,0,1386,1386,11.55618331,11.55618331,4.322006132,3.839452313,5.503304332,8.030494487
471,3,Low,Mix,Spores,Low Mix Spores,23,43,15,7,3,6,0,0,0,0,69.03,252.499762,4094.9198,75.33961803,1205.433889,1205.433889,0,0,16,16,7.094594855,7.094594855,4.322006132,4.234541193,5.531410306,8.317502411
472,3,High,Mix,No,High Mix No,24,43,15,6,20,17,0,0,0,0,35.1,104.8131432,1410.1365,75.33961803,3239.603575,3239.603575,0,0,43,43,8.083206248,8.083206248,4.322006132,3.55820113,4.652179176,7.251441787
473,4,Low,No,Spores,Low No Spores,25,43,15,3,36,33,0,2,0,1,4.9,12.24775558,836.4344,150.6792361,5424.452498,5575.131734,0.027027027,2,72,74,8.626071226,8.598672251,5.015153313,1.589235205,2.505342702,6.729148095
474,4,High,No,No,High No No,26,43,15,94,377,342,0,0,0,0,2.64,37.71689319,1462.116359,75.33961803,61251.10946,61251.10946,0,0,813,813,11.02273724,11.02273724,4.322006132,0.970778917,3.630108089,7.287640226
475,4,Low,Mix,No,Low Mix No,27,43,15,1877,1420,705,0,0,0,0,7.07,31.87718378,1589.117786,75.33961803,301509.1514,301509.1514,0,0,4002,4002,12.61655565,12.61655565,4.322006132,1.95586048,3.461890512,7.37093429
476,4,High,Mix,Spores,High Mix Spores,28,43,15,6,88,50,8,8,0,0,1.71,21.34387615,1290.186,1205.433889,10848.905,12054.33889,0.1,16,144,160,9.397179948,9.291819432,7.094594855,0.536493371,3.060764867,7.162541673
477,4,Low,No,No,Low No No,29,43,15,149,154,207,0,0,0,0,2.47,20.4342641,897.0384,75.33961803,38423.2052,38423.2052,0,0,510,510,10.55641686,10.55641686,4.322006132,0.904218151,3.017213105,6.799098671
478,4,Low,Mix,Spores,Low Mix Spores,30,43,15,18,95,122,10,6,1,0,3.58,7.317658226,824.3136,1280.773507,17704.81024,18985.58374,0.067460317,17,235,252,9.85143522,9.781591646,7.155219476,1.2753628,1.990290362,6.71455104
479,4,High,No,Spores,High No Spores,31,43,15,183,275,198,9,0,0,0,43.76,300.2476616,2389.0872,678.0565623,49422.78943,50100.84599,0.013533835,9,656,665,10.82179317,10.80816692,6.51923071,3.778720158,5.704607673,7.778666647
480,4,High,Mix,No,High Mix No,32,43,15,327,348,538,0,0,0,0,2.24,16.81400811,1114.3684,75.33961803,91386.95667,91386.95667,0,0,1213,1213,11.42285804,11.42285804,4.322006132,0.806475866,2.822212355,7.016043066
481,1,Low,Mix,Spores,Low Mix Spores,1,46,16,1,17,25,0,5,5,0,5.98,23.68004501,870.7966,753.3961803,3239.603575,3992.999756,0.188679245,10,43,53,8.292298046,8.083206248,6.624591225,1.788420568,3.164632711,6.769408425
482,1,High,Mix,No,High Mix No,2,46,16,1209,1194,439,0,0,0,0,1.99,36.41141575,1427.5088,75.33961803,214115.1944,214115.1944,0,0,2842,2842,12.27426944,12.27426944,4.322006132,0.688134639,3.594882345,7.263686106
484,1,High,No,No,High No No,4,46,16,446,363,297,0,0,0,0,1.04,27.14051305,1656.665,75.33961803,83325.61754,83325.61754,0,0,1106,1106,11.33051131,11.33051131,4.322006132,0.039220713,3.301027558,7.412561824
485,1,Low,Mix,No,Low Mix No,5,46,16,412,400,275,0,0,0,1,12.66,29.05777809,903.0186,75.33961803,81894.1648,81894.1648,0,0,1087,1087,11.31318302,11.31318302,4.322006132,2.538447417,3.369286196,6.805743151
486,1,High,Mix,Spores,High Mix Spores,6,46,16,54,149,171,23,37,11,0,0.99,31.97932482,1232.523851,5349.11288,28177.01714,33526.13002,0.159550562,71,374,445,10.42008041,10.24626193,8.584686009,-0.010050336,3.465089595,7.116819257
487,1,Low,No,No,Low No No,7,46,16,935,454,420,0,0,0,0,1.29,17.51766852,894.337,75.33961803,136289.369,136289.369,0,0,1809,1809,11.82253562,11.82253562,4.322006132,0.254642218,2.863210001,6.796082662
488,1,High,No,Spores,High No Spores,8,46,16,29,113,120,12,31,17,0,4.08,36.61728024,1476.5456,4520.377082,19738.97992,24259.35701,0.186335404,60,262,322,10.09655768,9.890350636,8.416350695,1.406096988,3.600520267,7.297460585
490,2,Low,No,Spores,Low No Spores,10,46,16,32,32,31,12,1,9,2,55.18,134.5534468,2829.9936,1657.471597,7157.263713,8814.73531,0.188034188,22,95,117,9.084180067,8.875883024,7.413048586,4.010600569,4.901961494,7.948029729
491,2,High,Mix,Spores,High Mix Spores,11,46,16,65,33,65,79,4,12,0,14.65,107.318711,1798.8226,7157.263713,12280.35774,19437.62145,0.368217054,95,163,258,9.874965717,9.415756333,8.875883024,2.684440335,4.675803015,7.494887619
492,2,Low,Mix,No,Low Mix No,12,46,16,7,9,4,0,0,0,2,11.77,62.74686377,1324.4938,75.33961803,1506.792361,1506.792361,0,0,20,20,7.317738406,7.317738406,4.322006132,2.465553921,4.139108597,7.188785628
493,2,High,No,Spores,High No Spores,13,46,16,54,210,274,32,12,10,3,1.62,31.66891048,1713.1754,4068.339374,40532.7145,44601.05387,0.091216216,54,538,592,10.70551277,10.60986469,8.310990179,0.482426149,3.455335458,7.446103887
495,2,High,Mix,No,High Mix No,15,46,16,979,847,892,0,0,0,4,13.08,143.6925326,1698.586,75.33961803,204773.0818,204773.0818,0,0,2718,2718,12.22965773,12.22965773,4.322006132,2.571084346,4.967675827,7.437551419
496,2,Low,Mix,Spores,Low Mix Spores,16,46,16,109,134,140,44,16,17,0,8.93,19.98272357,964.9582,5801.150588,28855.07371,34656.22429,0.167391304,77,383,460,10.45323262,10.27004112,8.665811554,2.189416395,2.994868079,6.872084784
497,3,Low,No,No,Low No No,17,46,16,14,14,1,0,0,0,2,27.06,100.2781675,1647.5231,75.33961803,2184.848923,2184.848923,0,0,29,29,7.689301962,7.689301962,4.322006132,3.298056623,4.607947999,7.407028288
498,3,High,No,Spores,High No Spores,18,46,16,39,73,96,16,13,8,0,2.51,27.23181139,1433.6384,2787.565867,15670.64055,18458.20642,0.151020408,37,208,245,9.823264343,9.659544212,7.932924045,0.920282753,3.304385826,7.267970828
499,3,Low,Mix,No,Low Mix No,19,46,16,140,77,0,0,0,0,2,14.21,30.5362221,1200.7136,75.33961803,16348.69711,16348.69711,0,0,217,217,9.701903486,9.701903486,4.322006132,2.653945942,3.418913589,7.090671326
502,3,High,No,No,High No No,22,46,16,674,741,74,0,0,0,0,21.81,118.3186527,2438.5541,75.33961803,112180.6912,112180.6912,0,0,1489,1489,11.62786617,11.62786617,4.322006132,3.08236858,4.773381431,7.799160561
503,3,Low,Mix,Spores,Low Mix Spores,23,46,16,0,0,1,0,0,0,0,16.88,58.63461953,1742.3542,75.33961803,75.33961803,75.33961803,0,0,1,1,4.322006132,4.322006132,4.322006132,2.826129489,4.071325299,7.462992466
504,3,High,Mix,No,High Mix No,24,46,16,0,0,0,0,0,0,1,15.25,178.5816174,1689.493937,75.33961803,75.33961803,75.33961803,NA,0,0,0,4.322006132,4.322006132,4.322006132,2.724579503,5.185045737,7.432184318
505,4,Low,No,Spores,Low No Spores,25,46,16,38,95,112,21,13,3,1,5.47,25.47888335,929.6476,2787.565867,18458.20642,21245.77228,0.131205674,37,245,282,9.963913203,9.823264343,7.932924045,1.699278616,3.237850005,6.83480559
506,4,High,No,No,High No No,26,46,16,365,600,160,0,0,0,0,1.18,29.91598244,1470.416,75.33961803,84757.07029,84757.07029,0,0,1125,1125,11.34754445,11.34754445,4.322006132,0.165514438,3.398392867,7.293300633
507,4,Low,Mix,No,Low Mix No,27,46,16,1101,480,233,0,0,0,0,2.62,14.4865638,1059.7328,75.33961803,136666.0671,136666.0671,0,0,1814,1814,11.82529576,11.82529576,4.322006132,0.963174318,2.673221585,6.96577208
508,4,High,Mix,Spores,High Mix Spores,28,46,16,33,89,59,15,26,5,0,6.02,45.30888175,1458.1568,3465.622429,13636.47086,17102.09329,0.202643172,46,181,227,9.74695615,9.520503164,8.150647529,1.795087259,3.813503078,7.284928451
509,4,Low,No,No,Low No No,29,46,16,289,271,276,0,0,0,0,3.53,20.45525759,988.4986,75.33961803,62983.92067,62983.92067,0,0,836,836,11.05063475,11.05063475,4.322006132,1.261297871,3.018239944,6.896187226
510,4,Low,Mix,Spores,Low Mix Spores,30,46,16,63,160,216,53,35,9,0,3.8,21.80869028,941.4178,7307.942949,33074.09232,40382.03526,0.180970149,97,439,536,10.60614029,10.40650555,8.896717111,1.335001067,3.082308527,6.847387037
511,4,High,No,Spores,High No Spores,31,46,16,220,245,336,11,1,6,0,4.79,36.71310398,1192.53255,1356.113125,60347.03404,61703.14717,0.021978022,18,801,819,11.03009022,11.00786708,7.21237789,1.566530411,3.603133748,7.083834518
512,4,High,Mix,No,High Mix No,32,46,16,1101,468,718,0,0,0,0,1.86,28.27261241,1225.232,75.33961803,172301.7064,172301.7064,0,0,2287,2287,12.05700233,12.05700233,4.322006132,0.620576488,3.341893577,7.110885493
